INLINE NewItemTable,Name,Description,Use Desc,ID,Type,ItemAbility,Stat Boosts,Effectiveness,Uses,Mt,Hit,Wt,Crit,Range,Price Per Use,Weapon Level,Icon,Use Effect,Weapon Effect,Weapon EXP,Debuff Type,IER Byte,Item Skill
Nothing,0x0,0x0,0x0,0x0,0x0,0x0,0x0,0x0,0,0,0,0,0,0x0,0,NoRank,0x0,0x0,NoEffect,0,0x0,0x0,0x0
Iron Sword,IronSwordName,0x404,0x0,0x1,0x0,IsWeapon,0x0,0x0,46,6,100,5,0,0x11,10,ERank,0x1,0x0,NoEffect,1,0x0,0x0,0x0
Quickblade,QuickbladeName,QuickbladeDesc,0x0,0x2,0x0,IsWeapon|IsBrave,0x0,0x0,20,8,85,6,0,0x11,40,CRank,0x2,0x0,NoEffect,1,0x0,0x0,0x0
Steel Sword,SteelSwordName,0x406,0x0,0x3,0x0,IsWeapon,0x0,0x0,30,10,75,8,0,0x11,20,DRank,0x3,0x0,NoEffect,1,0x0,0x0,0x0
Silver Sword,SilverSwordName,0x407,0x0,0x4,0x0,IsWeapon,0x0,0x0,20,13,100,7,0,0x11,75,BRank,0x4,0x0,NoEffect,1,0x0,0x0,0x0
Iron Blade,IronBladeName,0x408,0x0,0x5,0x0,IsWeapon,0x0,0x0,35,10,90,14,20,0x11,28,DRank,0x5,0x0,NoEffect,1,0x0,0x0,0x0
Steel Blade,SteelBladeName,0x409,0x0,0x6,0x0,IsWeapon,0x0,0x0,25,13,85,16,20,0x11,50,CRank,0x6,0x0,NoEffect,1,0x0,0x0,0x0
Silver Blade,SilverBladeName,0x40a,0x0,0x7,0x0,IsWeapon,0x0,0x0,15,16,80,15,20,0x11,120,ARank,0x7,0x0,NoEffect,1,0x0,0x0,0x0
Poison Sword,PoisonSwordName,0x40b,0x0,0x8,0x0,IsWeapon,0x0,0x0,40,3,80,6,0,0x11,0,DRank,0x8,0x0,PoisonEffect,1,0x0,0x0,0x0
Rapier,RapierName,0x40c,0x0,0x9,0x0,IsWeapon,0x0,LordWeaponEffectiveness|IsPointer,20,7,100,5,35,0x11,150,CRank,0x9,0x0,NoEffect,1,0x0,0x0,0x0
Hero’s Flair,HerosFlairName,HerosFlairDesc,0x0,0xa,0x0,IsWeapon|HeroLock,0x0,0x0,60,9,100,5,0,0x11,10,DRank,0xa,0x0,NoEffect,1,0x0,0x0,BreathOfLifeID
Brave Sword,BraveSwordName,0x40d,0x0,0xb,0x0,IsWeapon|IsBrave,0x0,0x0,30,9,85,12,0,0x11,250,ARank,0xb,0x0,NoEffect,1,0x0,0x0,0x0
Shamshir,ShamshirName,0x40e,0x0,0xc,0x0,IsWeapon|SwordmasterLock,0x0,0x0,20,8,85,5,30,0x11,60,DRank,0xc,0x0,NoEffect,1,0x0,0x0,0x0
Killing Edge,KillingEdgeName,0x40f,0x0,0xd,0x0,IsWeapon,0x0,0x0,20,9,85,7,30,0x11,65,CRank,0xd,0x0,NoEffect,1,0x0,0x0,0x0
Armorslayer,ArmorslayerName,0x410,0x0,0xe,0x0,IsWeapon,0x0,ArmorEffectiveness|IsPointer,15,10,95,10,0,0x11,70,CRank,0xe,0x0,NoEffect,1,0x0,0x0,0x0
Wyrmslayer,WyrmslayerName,0x411,0x0,0xf,0x0,IsWeapon,0x0,DragonEffectiveness|IsPointer,15,11,100,14,0,0x11,150,CRank,0xf,0x0,NoEffect,1,0x0,0x0,0x0
Light Brand,LightBrandName,0x412,0x0,0x10,0x0,IsWeapon|MagicDamage,0x0,0x0,25,9,80,9,0,0x12,50,CRank,0x10,0x0,NoEffect,1,0x0,0x0,0x0
Runesword,RuneswordName,0x413,0x0,0x11,0x0,IsWeapon|MagicDamage,0x0,0x0,15,12,75,11,0,0x12,220,ARank,0x11,0x0,NosferatuEffect,1,0x0,0x0,0x0
Lancereaver,LancereaverName,0x414,0x0,0x12,0x0,IsWeapon|ReverseTriangle,0x0,0x0,15,9,85,9,0,0x11,120,CRank,0x12,0x0,NoEffect,1,0x0,0x0,0x0
Zanbato,ZanbatoName,0x415,0x0,0x13,0x0,IsWeapon,0x0,HorseEffectiveness|IsPointer,15,11,90,13,0,0x11,70,DRank,0x13,0x0,NoEffect,1,0x0,0x0,0x0
Iron Lance,IronLanceName,0x419,0x0,0x14,0x1,IsWeapon,0x0,0x0,45,8,90,8,0,0x11,9,ERank,0x14,0x0,NoEffect,1,0x0,0x0,0x0
Slim Lance,SlimLanceName,0x41a,0x0,0x15,0x1,IsWeapon,0x0,0x0,30,7,100,5,20,0x11,15,ERank,0x15,0x0,NoEffect,1,0x0,0x0,0x0
Steel Lance,SteelLanceName,0x41b,0x0,0x16,0x1,IsWeapon,0x0,0x0,30,11,70,13,0,0x11,16,DRank,0x16,0x0,NoEffect,1,0x0,0x0,0x0
Silver Lance,SilverLanceName,0x41c,0x0,0x17,0x1,IsWeapon,0x0,0x0,20,14,85,10,0,0x11,60,ARank,0x17,0x0,NoEffect,1,0x0,0x0,0x0
Toxin Lance,ToxinLanceName,0x41d,0x0,0x18,0x1,IsWeapon,0x0,0x0,40,4,75,8,0,0x11,0,ERank,0x18,0x0,PoisonEffect,1,0x0,0x0,0x0
Brave Lance,BraveLanceName,0x41e,0x0,0x19,0x1,IsWeapon|IsBrave,0x0,0x0,30,10,80,14,0,0x11,250,BRank,0x19,0x0,NoEffect,1,0x0,0x0,0x0
Killer Lance,KillerLanceName,0x41f,0x0,0x1a,0x1,IsWeapon,0x0,0x0,20,10,80,9,30,0x11,60,CRank,0x1a,0x0,NoEffect,1,0x0,0x0,0x0
Horseslayer,HorseslayerName,0x420,0x0,0x1b,0x1,IsWeapon,0x0,HorseEffectiveness|IsPointer,15,9,80,9,0,0x11,65,DRank,0x1b,0x0,NoEffect,1,0x0,0x0,0x0
Javelin,JavelinName,0x421,0x0,0x1c,0x1,IsWeapon,0x0,0x0,20,5,75,11,0,0x12,20,ERank,0x1c,0x0,NoEffect,1,0x0,0x0,0x0
Spear,SpearName,0x422,0x0,0x1d,0x1,IsWeapon,0x0,0x0,15,12,80,10,0,0x12,600,ARank,0x1d,0x0,NoEffect,1,0x0,0x0,0x0
Axereaver,AxereaverName,0x423,0x0,0x1e,0x1,IsWeapon|ReverseTriangle,0x0,0x0,15,10,80,11,0,0x11,130,CRank,0x1e,0x0,NoEffect,1,0x0,0x0,0x0
Iron Axe,IronAxeName,0x42a,0x0,0x1f,0x2,IsWeapon,0x0,0x0,45,10,85,10,0,0x11,7,ERank,0x1f,0x0,NoEffect,1,0x0,0x0,0x0
Steel Axe,SteelAxeName,0x42b,0x0,0x20,0x2,IsWeapon,0x0,0x0,30,13,65,15,0,0x11,12,ERank,0x20,0x0,NoEffect,1,0x0,0x0,0x0
Silver Axe,SilverAxeName,0x42c,0x0,0x21,0x2,IsWeapon,0x0,0x0,20,15,80,12,0,0x11,50,BRank,0x21,0x0,NoEffect,1,0x0,0x0,0x0
Poison Axe,PoisonAxeName,0x42d,0x0,0x22,0x2,IsWeapon,0x0,0x0,40,4,70,10,0,0x11,0,DRank,0x22,0x0,PoisonEffect,1,0x0,0x0,0x0
Brave Axe,BraveAxeName,0x42e,0x0,0x23,0x2,IsWeapon|IsBrave,0x0,0x0,30,10,75,16,0,0x11,250,ARank,0x23,0x0,NoEffect,1,0x0,0x0,0x0
Killer Axe,KillerAxeName,0x42f,0x0,0x24,0x2,IsWeapon,0x0,0x0,20,11,75,11,30,0x11,50,CRank,0x24,0x0,NoEffect,1,0x0,0x0,0x0
Halberd,HalberdName,0x430,0x0,0x25,0x2,IsWeapon,0x0,HorseEffectiveness|IsPointer,15,10,70,12,0,0x11,65,DRank,0x25,0x0,NoEffect,1,0x0,0x0,0x0
Hammer,HammerName,0x431,0x0,0x26,0x2,IsWeapon,0x0,ArmorEffectiveness|IsPointer,15,12,65,15,0,0x11,55,DRank,0x26,0x0,NoEffect,1,0x0,0x0,0x0
Devil Axe,DevilAxeName,0x432,0x0,0x27,0x2,IsWeapon,0x0,0x0,20,18,65,18,0,0x11,45,ERank,0x27,0x0,DevilEffect,8,0x0,0x0,0x0
Hand Axe,HandAxeName,0x433,0x0,0x28,0x2,IsWeapon,0x0,0x0,20,6,70,12,0,0x12,15,ERank,0x28,0x0,NoEffect,1,0x0,0x0,0x0
Tomahawk,TomahawkName,0x434,0x0,0x29,0x2,IsWeapon,0x0,0x0,15,13,75,14,0,0x12,200,ARank,0x29,0x0,NoEffect,1,0x0,0x0,0x0
Swordreaver,SwordreaverName,0x435,0x0,0x2a,0x2,IsWeapon|ReverseTriangle,0x0,0x0,15,11,75,13,0,0x11,140,CRank,0x2a,0x0,NoEffect,1,0x0,0x0,0x0
Swordslayer,SwordslayerName,0x436,0x0,0x2b,0x2,IsWeapon|ReverseTriangle,0x0,SwordEffectiveness|IsPointer,20,11,90,13,0,0x11,100,CRank,0x2b,0x0,NoEffect,1,0x0,0x0,0x0
Hatchet,HatchetName,0x43a,0x0,0x2c,0x2,IsWeapon,0x0,0x0,50,4,95,5,0,0x12,0,ERank,0x2c,0x0,NoEffect,1,0x0,0x0,0x0
Iron Bow,IronBowName,0x43b,0x0,0x2d,0x3,IsWeapon,0x0,FlierEffectiveness|IsPointer,45,6,95,5,0,0x22,12,ERank,0x2d,0x0,NoEffect,1,0x0,0x0,0x0
Steel Bow,SteelBowName,0x43c,0x0,0x2e,0x3,IsWeapon,0x0,FlierEffectiveness|IsPointer,30,9,80,9,0,0x22,24,DRank,0x2e,0x0,NoEffect,1,0x0,0x0,0x0
Silver Bow,SilverBowName,0x43d,0x0,0x2f,0x3,IsWeapon,0x0,FlierEffectiveness|IsPointer,20,13,85,6,0,0x22,80,ARank,0x2f,0x0,NoEffect,1,0x0,0x0,0x0
Hunter’s Bow,HuntersBowName,BlankDesc,0x0,0x30,0x3,IsWeapon,0x0,FlierEffectiveness|IsPointer,30,11,55,15,15,0x23,0,CRank,0x30,0x0,NoEffect,1,0x0,0x0,0x0
Killer Bow,KillerBowName,0x43f,0x0,0x31,0x3,IsWeapon,0x0,FlierEffectiveness|IsPointer,20,9,85,7,30,0x22,70,CRank,0x31,0x0,NoEffect,1,0x0,0x0,0x0
Brave Bow,BraveBowName,0x440,0x0,0x32,0x3,IsWeapon|IsBrave,0x0,FlierEffectiveness|IsPointer,30,10,80,12,0,0x22,250,BRank,0x32,0x0,NoEffect,1,0x0,0x0,0x0
Short Bow,ShortBowName,0x441,0x0,0x33,0x3,IsWeapon,0x0,FlierEffectiveness|IsPointer,22,5,95,3,10,0x22,80,DRank,0x33,0x0,NoEffect,1,0x0,0x0,0x0
Longbow,LongbowName,0x442,0x0,0x34,0x3,IsWeapon,0x0,FlierEffectiveness|IsPointer,10,9,75,10,0,0x23,100,DRank,0x34,0x0,NoEffect,1,0x0,0x0,0x0
Ballista,BallistaName,0x443,0x0,0x35,0x3,IsWeapon|Uncounterable,0x0,FlierEffectiveness|IsPointer,5,8,70,20,0,0x3a,0,ERank,0x35,0x0,NoEffect,4,0x0,0x0,0x0
Iron Ballista,IronBallistaName,0x444,0x0,0x36,0x3,IsWeapon|Uncounterable,0x0,FlierEffectiveness|IsPointer,5,13,70,20,0,0x3f,0,ERank,0x36,0x0,NoEffect,4,0x0,0x0,0x0
Killer Ballista,KillerBallistaName,0x445,0x0,0x37,0x3,IsWeapon|Uncounterable,0x0,FlierEffectiveness|IsPointer,5,12,75,20,10,0x3a,0,ERank,0x37,0x0,NoEffect,4,0x0,0x0,0x0
Fire,FireName,0x458,0x0,0x38,Tome,IsWeapon|IsMagic,0x0,0x0,40,7,100,4,0,0x12,14,ERank,0x38,0x0,NoEffect,1,0x0,0x0,0x0
Thunder,ThunderName,0x459,0x0,0x39,Tome,IsWeapon|IsMagic,0x0,0x0,35,9,90,6,0,0x12,20,DRank,0x39,0x0,NoEffect,1,0x0,0x0,0x0
Elfire,ElfireName,0x45a,0x0,0x3a,Tome,IsWeapon|IsMagic,0x0,0x0,30,11,95,10,0,0x12,40,CRank,0x3a,0x0,NoEffect,2,0x0,0x0,0x0
Bolting,BoltingName,0x45c,0x0,0x3b,Tome,IsWeapon|IsMagic|Uncounterable,0x0,0x0,5,13,70,20,0,0x3a,500,BRank,0x3b,0x0,CannotDoubleEffect,1,0x0,0x0,0x0
Fimbulvetr,FimbulvetrName,0x45d,0x0,0x3c,Tome,IsWeapon|IsMagic,0x0,0x0,20,15,90,12,0,0x12,300,ARank,0x3c,0x0,NoEffect,1,0x0,0x0,0x0
Forblaze (DUMMY),0x403,0x4ab,0x0,0x3d,Tome,IsWeapon|IsMagic,0x0,0x0,20,14,95,11,0,0x12,0,SRank,0x3d,0x0,NoEffect,1,0x0,0x0,0x0
Excalibur,ExcaliburName,0x45e,0x0,0x3e,Tome,IsWeapon|IsMagic|Unsellable,0x88aeec4,SacredWeaponEffectiveness|IsPointer,30,18,100,13,10,0x12,0,SRank,0x3e,0x0,NoEffect,1,0x0,0x0,0x0
Light,LightName,LightDesc,0x0,0x3f,Tome,IsWeapon|IsMagic|NegateDef,0x0,0x0,20,9,120,6,30,0x12,50,CRank,0x3f,0x0,NoEffect,1,0x0,0x0,0x0
Shine,ShineName,0x460,0x0,0x40,Tome,IsWeapon|IsMagic,0x0,0x0,30,6,100,8,0,0x12,30,DRank,0x40,0x0,NoEffect,1,0x0,0x0,0x0
Divine,DivineName,0x461,0x0,0x41,Tome,IsWeapon|IsMagic,0x0,0x0,25,8,95,12,0,0x12,100,CRank,0x41,0x0,NoEffect,1,0x0,0x0,0x0
Purge,PurgeName,0x462,0x0,0x42,Tome,IsWeapon|IsMagic|Uncounterable,0x0,0x0,5,10,85,20,0,0x3a,600,BRank,0x42,0x0,CannotDoubleEffect,3,0x0,0x0,0x0
Aura,AuraName,0x463,0x0,0x43,Tome,IsWeapon|IsMagic,0x0,0x0,20,12,95,15,0,0x12,400,ARank,0x43,0x0,NoEffect,1,0x0,0x0,0x0
Loneliness,LonelinessName,LonelinessDesc,0x0,0x44,Dark,IsWeapon|IsMagic|Unsellable|PillowLock,0x0,0x0,60,6,90,8,30,0x26,20,ERank,0x44,0x0,NoEffect,1,0x0,0x0,0x0
Flux,PainName,BlankDesc,0x0,0x45,Dark,IsWeapon|IsMagic,0x0,0x0,45,10,90,8,30,0x12,20,ERank,0x45,0x0,NoEffect,1,0x0,0x0,0x0
Luna,DeceptionName,DeceptionDesc,0x0,0x46,Dark,IsWeapon|IsMagic|NegateDef,0x0,0x0,30,0,90,12,30,0x12,140,CRank,0x46,0x0,NoEffect,1,0x0,0x0,0x0
Nosferatu,ExploitationName,ExploitationDesc,0x0,0x47,Dark,IsWeapon|IsMagic,0x0,0x0,20,11,80,14,0,0x12,160,CRank,0x47,0x0,NosferatuEffect,1,0x0,0x0,0x0
Eclipse,UnfamiliarityName,UnfamiliarityDesc,0x0,0x48,Dark,IsWeapon|IsMagic|Uncounterable,0x0,0x0,5,10,110,12,0,0x26,800,BRank,0x48,0x0,EclipseEffect,8,0x0,0x0,0x0
Fenrir,TortureName,BlankDesc,0x0,0x49,Dark,IsWeapon|IsMagic,0x0,0x0,20,18,80,18,0,0x12,450,ARank,0x49,0x0,NoEffect,1,0x0,0x0,0x0
Gleipnir,DeathName,BlankDesc,0x0,0x4a,Dark,IsWeapon|IsMagic,0x88aeed0,0x0,30,25,90,20,0,0x26,0,SRank,0x4a,0x0,NoEffect,3,0x0,0x0,0x0
Heal,HealName,0x471,0x4af,0x4b,0x4,IsStaff,0x0,0x0,30,0,110,2,0,0x11,20,ERank,0x4b,0x1,NoEffect,2,0x0,0x0,0x0
Mend,MendName,0x472,0x4b0,0x4c,0x4,IsStaff,0x0,0x0,20,0,110,4,0,0x11,50,DRank,0x4c,0x2,NoEffect,3,0x0,0x0,0x0
Recover,RecoverName,0x473,0x4b1,0x4d,0x4,IsStaff,0x0,0x0,15,0,110,6,0,0x11,150,CRank,0x4d,0x3,NoEffect,3,0x0,0x0,0x0
Physic,PhysicName,0x474,0x4b2,0x4e,0x4,IsStaff,0x0,0x0,15,0,110,5,0,0x10,250,BRank,0x4e,0x4,NoEffect,3,0x0,0x0,0x0
Fortify,FortifyName,0x475,0x4b3,0x4f,0x4,IsStaff,0x0,0x0,8,0,110,7,0,0x10,1000,ARank,0x4f,0x5,NoEffect,5,0x0,0x0,0x0
Restore,RestoreName,RestoreDesc,0x4b4,0x50,0x4,IsStaff,0x0,0x0,10,0,110,4,0,0x11,200,DRank,0x50,0x6,NoEffect,3,0x0,0x0,0x0
Silence,SilenceName,0x477,0x4b5,0x51,0x4,IsStaff,0x0,0x0,3,0,80,7,0,0x10,400,BRank,0x51,0x7,NoEffect,5,0x0,0x0,0x0
Sleep,SleepName,0x478,0x4b6,0x52,0x4,IsStaff,0x0,0x0,3,0,75,8,0,0x10,500,BRank,0x52,0x8,NoEffect,5,0x0,0x0,0x0
Berserk,BerserkName,0x479,0x4b7,0x53,0x4,IsStaff,0x0,0x0,3,0,70,8,0,0x10,600,BRank,0x53,0x9,NoEffect,5,0x0,0x0,0x0
Warp,WarpName,0x47a,0x4b8,0x54,0x4,IsStaff,0x0,0x0,5,0,110,5,0,0x11,1500,ARank,0x54,0xa,NoEffect,7,0x0,0x0,0x0
Rescue,RescueName,0x47b,0x4b9,0x55,0x4,IsStaff,0x0,0x0,3,0,110,6,0,0x10,600,BRank,0x55,0xb,NoEffect,7,0x0,0x0,0x0
Torch,TorchName,0x47c,0x4ba,0x56,0x4,IsStaff,0x0,0x0,10,0,110,5,0,0x10,100,DRank,0x56,0xc,NoEffect,5,0x0,0x0,0x0
Hammerne,HammerneName,0x47d,0x4bb,0x57,0x4,IsStaff|CannotRepair,0x0,0x0,3,0,110,7,0,0x11,600,CRank,0x57,0xd,NoEffect,8,0x0,0x0,0x0
Unlock,UnlockName,0x47e,0x4bc,0x58,0x4,IsStaff,0x0,0x0,10,0,110,7,0,0x12,150,DRank,0x58,0xe,NoEffect,5,0x0,0x0,0x0
Barrier,BarrierName,0x47f,0x4bd,0x59,0x4,IsStaff,0x0,0x0,15,0,110,4,0,0x11,150,CRank,0x59,0xf,NoEffect,4,0x0,0x0,0x0
Dragon Axe,DragonAxeName,0x437,0x0,0x5a,0x2,IsWeapon,0x0,DragonEffectiveness|IsPointer,30,12,70,11,0,0x11,150,CRank,0x5a,0x0,NoEffect,1,0x0,0x0,0x0
Angelic Robe,AngelicRobeName,0x483,0x4c1,0x5b,0x9,0x0,0x88aeedc,0x0,1,0,0,0,0,0x11,8000,NoRank,0x5b,0x10,NoEffect,0,0x0,0x0,0x0
Energy Ring,EnergyRingName,0x484,0x4c2,0x5c,0x9,0x0,0x88aeee8,0x0,1,0,0,0,0,0x11,8000,NoRank,0x5c,0x11,NoEffect,0,0x0,0x0,0x0
Secret Book,SecretBookName,0x485,0x4c3,0x5d,0x9,0x0,0x88aeef4,0x0,1,0,0,0,0,0x11,8000,NoRank,0x5d,0x12,NoEffect,0,0x0,0x0,0x0
Speedwings,SpeedwingsName,0x486,0x4c4,0x5e,0x9,0x0,0x88aef00,0x0,1,0,0,0,0,0x11,8000,NoRank,0x5e,0x13,NoEffect,0,0x0,0x0,0x0
Goddess Icon,GoddessIconName,0x487,0x4c5,0x5f,0x9,0x0,0x88aef0c,0x0,1,0,0,0,0,0x11,8000,NoRank,0x5f,0x14,NoEffect,0,0x0,0x0,0x0
Dragonshield,DragonshieldName,0x488,0x4c6,0x60,0x9,0x0,0x88aef18,0x0,1,0,0,0,0,0x11,8000,NoRank,0x60,0x15,NoEffect,0,0x0,0x0,0x0
Talisman,TalismanName,0x489,0x4c7,0x61,0x9,0x0,0x88aef24,0x0,1,0,0,0,0,0x11,8000,NoRank,0x61,0x16,NoEffect,0,0x0,0x0,0x0
Swiftsoles,SwiftsolesName,0x48a,0x4c8,0x62,0x9,0x0,0x88aef30,0x0,1,0,0,0,0,0x11,8000,NoRank,0x62,0x17,NoEffect,0,0x0,0x0,0x0
Body Ring,BodyRingName,0x48b,0x4c9,0x63,0x9,0x0,0x88aef3c,0x0,1,0,0,0,0,0x11,8000,NoRank,0x63,0x18,NoEffect,0,0x0,0x0,0x0
Hero Crest,HeroCrestName,0x48c,0x4ca,0x64,0x9,0x0,0x0,0x0,1,0,0,0,0,0x11,10000,NoRank,0x64,0x19,NoEffect,0,0x0,0x0,0x0
Knight Crest,KnightCrestName,0x48d,0x4cb,0x65,0x9,0x0,0x0,0x0,1,0,0,0,0,0x11,10000,NoRank,0x65,0x1a,NoEffect,0,0x0,0x0,0x0
Orion's Bolt,OrionsBoltName,0x48e,0x4cc,0x66,0x9,0x0,0x0,0x0,1,0,0,0,0,0x11,10000,NoRank,0x66,0x1b,NoEffect,0,0x0,0x0,0x0
Elysian Whip,ElysianWhipName,0x48f,0x4cd,0x67,0x9,0x0,0x0,0x0,1,0,0,0,0,0x11,10000,NoRank,0x67,0x1c,NoEffect,0,0x0,0x0,0x0
Guiding Ring,GuidingRingName,0x490,0x4ce,0x68,0x9,0x0,0x0,0x0,1,0,0,0,0,0x11,10000,NoRank,0x68,0x1d,NoEffect,0,0x0,0x0,0x0
Chest Key,ChestKeyName,0x491,0x4cf,0x69,0x9,0x0,0x0,0x0,1,0,0,0,0,0x11,300,NoRank,0x69,0x1e,NoEffect,0,0x0,0x0,0x0
Door Key,DoorKeyName,0x492,0x4d0,0x6a,0x9,0x0,0x0,0x0,1,0,0,0,0,0x11,50,NoRank,0x6a,0x1f,NoEffect,0,0x0,0x0,0x0
Lockpick,LockpickName,0x493,0x4d1,0x6b,0x9,0x0,0x0,0x0,15,0,0,0,0,0x11,80,NoRank,0x6b,0x20,NoEffect,0,0x0,0x0,0x0
Vulnerary,VulneraryName,0x494,0x4d2,0x6c,0x9,0x0,0x0,0x0,3,0,0,0,0,0x11,100,NoRank,0x6c,0x21,NoEffect,0,0x0,0x0,0x0
Elixir,ElixirName,0x495,0x4d3,0x6d,0x9,0x0,0x0,0x0,3,0,0,0,0,0x11,1000,NoRank,0x6d,0x22,NoEffect,0,0x0,0x0,0x0
Pure Water,PureWaterName,0x496,0x4d4,0x6e,0x9,0x0,0x0,0x0,3,0,0,0,0,0x11,300,NoRank,0x6e,0x23,NoEffect,0,0x0,0x0,0x0
Antitoxin,AntitoxinName,0x497,0x4d5,0x6f,0x9,0x0,0x0,0x0,3,0,0,0,0,0x11,150,NoRank,0x6f,0x24,NoEffect,0,0x0,0x0,0x0
Torch,TorchName,0x498,0x4d6,0x70,0x9,0x0,0x0,0x0,5,0,0,0,0,0x11,100,NoRank,0x70,0x25,NoEffect,0,0x0,0x0,0x0
Filli Shield,FilliShieldName,0x499,0x4d7,0x71,0x9,Indestructible|NegateFlyingEffectiveness,0x0,0x0,0,0,0,0,0,0x11,10000,NoRank,0x71,0x0,NoEffect,0,0x0,0x0,0x0
Member Card,MemberCardName,0x49a,0x4d8,0x72,0x9,0x0,0x0,0x0,1,0,0,0,0,0x11,6000,NoRank,0x72,0x0,NoEffect,0,0x0,0x0,0x0
Silver Card,SilverCardName,0x49b,0x4d9,0x73,0x9,0x0,0x0,0x0,1,0,0,0,0,0x11,4000,NoRank,0x73,0x0,NoEffect,0,0x0,0x0,0x0
White Gem,WhiteGemName,0x49e,0x0,0x74,0x9,0x0,0x0,0x0,1,0,0,0,0,0x11,20000,NoRank,0x74,0x0,NoEffect,0,0x0,0x0,0x0
Blue Gem,BlueGemName,0x49f,0x0,0x75,0x9,0x0,0x0,0x0,1,0,0,0,0,0x11,10000,NoRank,0x75,0x0,NoEffect,0,0x0,0x0,0x0
Red Gem,RedGemName,0x4a0,0x0,0x76,0x9,0x0,0x0,0x0,1,0,0,0,0,0x11,5000,NoRank,0x76,0x0,NoEffect,0,0x0,0x0,0x0
Gold,GoldName,0x4a1,0x4da,0x77,0x9,0x0,0x0,0x0,1,0,0,0,0,0x11,0,NoRank,0x77,0x0,NoEffect,0,0x0,0x0,0x0
Reginleif,ReginleifName,0x424,0x0,0x78,0x1,IsWeapon|Unsellable|EphraimLock,0x0,LordWeaponEffectiveness|IsPointer,45,10,90,8,10,0x11,160,NoRank,0x78,0x0,NoEffect,1,0x0,0x0,0x0
Chest Key (5),0x3e2,0x491,0x4cf,0x79,0x9,0x0,0x0,0x0,5,0,0,0,0,0x11,300,NoRank,0x79,0x26,NoEffect,0,0x0,0x0,0x0
Mine (DUMMY),0x403,0x4ab,0x0,0x7a,0x9,0x0,0x0,0x0,1,0,0,0,0,0x11,500,NoRank,0x7a,0x27,NoEffect,0,0x0,0x0,0x0
Light Rune (DUMMY),0x403,0x4ab,0x0,0x7b,0x9,0x0,0x0,0x0,1,0,0,0,0,0x11,800,NoRank,0x7b,0x28,NoEffect,0,0x0,0x0,0x0
Hoplon Guard,0x3f3,0x4a4,0x4dd,0x7c,0x9,Indestructible|NegateCriticals,0x0,0x0,0,0,0,0,0,0x11,5000,NoRank,0x7c,0x0,NoEffect,0,0x0,0x0,0x0
Filla's Might (DUMMY),0x403,0x4ab,0x0,0x7d,0xc,CannotRepair,0x0,0x0,15,0,0,0,0,0x11,0,NoRank,0x7d,0x29,NoEffect,0,0x0,0x0,0x0
Ninis's Grace (DUMMY),0x403,0x4ab,0x0,0x7e,0xc,CannotRepair,0x0,0x0,15,0,0,0,0,0x11,0,NoRank,0x7e,0x2a,NoEffect,0,0x0,0x0,0x0
Thor's Ire (DUMMY),0x403,0x4ab,0x0,0x7f,0xc,CannotRepair,0x0,0x0,15,0,0,0,0,0x11,0,NoRank,0x7f,0x2b,NoEffect,0,0x0,0x0,0x0
Set's Litany (DUMMY),0x403,0x4ab,0x0,0x80,0xc,CannotRepair,0x0,0x0,15,0,0,0,0,0x11,0,NoRank,0x80,0x2c,NoEffect,0,0x0,0x0,0x0
Shadowkiller,ShadowkillerName,0x454,0x0,0x81,0x0,IsWeapon,0x0,MonsterEffectiveness|IsPointer,60,5,100,5,0,0x11,0,ERank,0x81,0x0,NoEffect,1,0x0,0x0,0x0
Bright Lance,BrightLanceName,0x455,0x0,0x82,0x1,IsWeapon,0x0,MonsterEffectiveness|IsPointer,60,7,90,8,0,0x11,0,ERank,0x82,0x0,NoEffect,1,0x0,0x0,0x0
Fiendcleaver,FiendcleaverName,0x456,0x0,0x83,0x2,IsWeapon,0x0,MonsterEffectiveness|IsPointer,60,8,85,10,0,0x11,0,ERank,0x83,0x0,NoEffect,1,0x0,0x0,0x0
Beacon Bow,BeaconBowName,0x457,0x0,0x84,0x3,IsWeapon,0x0,FlierAndMonster1|IsPointer,60,6,95,5,0,0x22,0,ERank,0x84,0x0,NoEffect,1,0x0,0x0,0x0
Sieglinde,SieglindeName,0x416,0x0,0x85,0x0,IsWeapon|Unsellable|EirikaLock,0x88aef48,SacredWeaponEffectiveness|IsPointer,30,16,100,9,0,0x11,0,NoRank,0x85,0x0,NoEffect,1,0x0,0x0,0x0
Battle Axe,BattleAxeName,0x439,0x0,0x86,0x2,IsWeapon,0x0,0x0,20,13,70,15,0,0x11,50,BRank,0x86,0x0,NoEffect,1,0x0,0x0,0x0
Ivaldi,IvaldiName,0x464,0x0,0x87,0x6,IsWeapon|IsMagic|Unsellable,0x88aef54,SacredWeaponEffectiveness|IsPointer,30,17,100,10,0,0x12,0,SRank,0x87,0x0,NoEffect,1,0x0,0x0,0x0
Master Seal,MasterSealName,0x4a5,0x4de,0x88,0x9,0x0,0x0,0x0,1,0,0,0,0,0x11,20000,NoRank,0x88,0x2d,NoEffect,0,0x0,0x0,0x0
Metis's Tome,MetisTomeName,0x4a6,0x4df,0x89,0x9,0x0,0x0,0x0,1,0,0,0,0,0x11,0,NoRank,0x89,0x2e,NoEffect,0,0x0,0x0,0x0
Heaven Seal (DUMMY),0x403,0x4ab,0x0,0x8a,0x9,0x0,0x0,0x0,1,0,0,0,0,0x11,20000,NoRank,0x8a,0x2f,NoEffect,0,0x0,0x0,0x0
Sharp Claw,SharpClawName,0x44d,0x0,0x8b,0xb,IsWeapon|Indestructible|MonsterWeapon,0x0,0x0,0,17,75,14,0,0x11,0,NoRank,0x8b,0x0,NoEffect,0,0x0,0x0,0x0
Latona,LatonaName,0x480,0x4be,0x8c,0x4,IsStaff|Unsellable,0x0,0x0,3,0,110,5,0,0xff,0,SRank,0x8c,0x37,NoEffect,1,0x0,0x0,0x0
Dragonspear,DragonspearName,0x427,0x0,0x8d,0x1,IsWeapon,0x0,DragonEffectiveness|IsPointer,30,10,80,8,0,0x11,150,CRank,0x8d,0x0,NoEffect,1,0x0,0x0,0x0
Vidofnir,VidofnirName,0x426,0x0,0x8e,0x1,IsWeapon|Unsellable,0x88aef60,SacredWeaponEffectiveness|IsPointer,30,15,95,11,0,0x11,0,SRank,0x8e,0x0,NoEffect,1,0x0,0x0,0x0
Naglfar,NaglfarName,0x46b,0x0,0x8f,Dark,IsWeapon|IsMagic|Indestructible,0x0,0x0,0,25,105,18,0,0x12,0,SRank,0x8f,0x0,NoEffect,1,0x0,0x0,0x0
Wretched Air,WretchedAirName,0x447,0x4ac,0x90,Dark,IsWeapon|Indestructible|MonsterWeapon|NegateDef,0x88aef6c,0x0,0,10,110,0,0,0x12,0,ARank,0x90,0x0,NoEffect,0,0x0,0x0,0x0
Audhulma,AudhulmaName,0x417,0x0,0x91,0x0,IsWeapon|Unsellable,0x88aef78,SacredWeaponEffectiveness|IsPointer,30,18,95,9,0,0x11,0,SRank,0x91,0x0,NoEffect,1,0x0,0x0,0x0
Siegmund,SiegmundName,0x425,0x0,0x92,0x1,IsWeapon|Unsellable|EphraimLock,0x88aef84,SacredWeaponEffectiveness|IsPointer,30,17,90,11,0,0x11,0,NoRank,0x92,0x0,NoEffect,1,0x0,0x0,0x0
Garm,GarmName,0x438,0x0,0x93,0x2,IsWeapon|Unsellable,0x88aef90,SacredWeaponEffectiveness|IsPointer,30,20,85,13,0,0x11,0,SRank,0x93,0x0,NoEffect,1,0x0,0x0,0x0
Nidhogg,NidhoggName,0x446,0x0,0x94,0x3,IsWeapon|Unsellable,0x88aef9c,FlierAndMonster2|IsPointer,30,18,90,7,0,0x22,0,SRank,0x94,0x0,NoEffect,1,0x0,0x0,0x0
Heavy Lance,HeavyLanceName,0x428,0x0,0x95,0x1,IsWeapon,0x0,ArmorEffectiveness|IsPointer,16,9,80,14,0,0x11,75,DRank,0x95,0x0,NoEffect,1,0x0,0x0,0x0
Short Spear,ShortSpearName,0x429,0x0,0x96,0x1,IsWeapon,0x0,0x0,18,9,70,12,0,0x12,50,CRank,0x96,0x0,NoEffect,1,0x0,0x0,0x0
Ocean Seal,OceanSealName,0x4a7,0x4e0,0x97,0x9,0x0,0x0,0x0,1,0,0,0,0,0x11,10000,NoRank,0x97,0x30,NoEffect,0,0x0,0x0,0x0
Lunar Brace,LunarBraceName,0x4a8,0x4e1,0x98,0x9,Unsellable,0x0,0x0,1,0,0,0,0,0x11,0,NoRank,0x98,0x31,NoEffect,0,0x0,0x0,0x0
Solar Brace,SolarBraceName,0x4a9,0x4e2,0x99,0x9,Unsellable,0x0,0x0,1,0,0,0,0,0x11,0,NoRank,0x99,0x32,NoEffect,0,0x0,0x0,0x0
1G,0x3f9,0x4a1,0x4da,0x9a,0x9,0x0,0x0,0x0,1,0,0,0,0,0x11,1,NoRank,0x9a,0x0,NoEffect,0,0x0,0x0,0x0
5G,0x3fa,0x4a1,0x4da,0x9b,0x9,0x0,0x0,0x0,1,0,0,0,0,0x11,5,NoRank,0x9b,0x0,NoEffect,0,0x0,0x0,0x0
10G,0x3fb,0x4a1,0x4da,0x9c,0x9,0x0,0x0,0x0,1,0,0,0,0,0x11,10,NoRank,0x9c,0x0,NoEffect,0,0x0,0x0,0x0
50G,0x3fc,0x4a1,0x4da,0x9d,0x9,0x0,0x0,0x0,1,0,0,0,0,0x11,50,NoRank,0x9d,0x0,NoEffect,0,0x0,0x0,0x0
1000G,ThousandGoldName,0x4a1,0x4da,0x9e,0x9,0x0,0x0,0x0,1,0,0,0,0,0x11,1000,NoRank,0x9e,0x0,NoEffect,0,0x0,0x0,0x0
3000G,0x400,0x4a1,0x4da,0x9f,0x9,0x0,0x0,0x0,1,0,0,0,0,0x11,3000,NoRank,0x9f,0x0,NoEffect,0,0x0,0x0,0x0
5000G,0x401,0x4a1,0x4da,0xa0,0x9,0x0,0x0,0x0,1,0,0,0,0,0x11,5000,NoRank,0xa0,0x0,NoEffect,0,0x0,0x0,0x0
Wind Sword,WindSwordName,0x418,0x0,0xa1,0x0,IsWeapon|MagicDamage,0x0,FlierEffectiveness|IsPointer,40,9,80,9,0,0x12,200,BRank,0xa1,0x0,NoEffect,1,0x0,0x0,0x0
Vulnerary,VulneraryName,0x494,0x4d2,0xa2,0x9,0x0,0x0,0x0,60,0,0,0,0,0x11,100,NoRank,0xa2,0x33,NoEffect,0,0x0,0x0,0x0
Vulnerary (green note),0x3e5,0x494,0x4d2,0xa3,0x9,0x0,0x0,0x0,60,0,0,0,0,0x11,100,NoRank,0xa3,0x34,NoEffect,0,0x0,0x0,0x0
Vulnerary (red note),0x3e5,0x494,0x4d2,0xa4,0x9,0x0,0x0,0x0,60,0,0,0,0,0x11,100,NoRank,0xa4,0x35,NoEffect,0,0x0,0x0,0x0
Dance,0x3d2,0x481,0x4bf,0xa5,0xc,0x0,0x0,0x0,0,0,0,0,0,0x11,0,NoRank,0xa5,0x0,NoEffect,0,0x0,0x0,0x0
Nightmare,0x39c,0x44c,0x0,0xa6,0x4,IsStaff,0x88aefa8,0x0,1,0,80,8,0,0x13,0,NoRank,0xa6,0x35,NoEffect,0,0x0,0x0,0x0
Demon Stone (DUMMY),0x399,0x449,0x4ae,0xa7,0xb,IsWeapon|Indestructible|MonsterWeapon,0x0,0x0,0,10,75,0,0,0x11,0,NoRank,0xa7,0x0,NoEffect,0,0x0,0x0,0x0
Demon Light,0x39a,0x44a,0x0,0xa8,0xb,IsWeapon|Indestructible|MonsterWeapon,0x88aefb4,0x0,0,15,70,0,0,0x13,0,NoRank,0xa8,0x0,NoEffect,0,0x0,0x0,0x0
Ravager,0x39b,0x44b,0x0,0xa9,0xb,IsWeapon|Indestructible|MonsterWeapon,0x88aefc0,0x0,0,15,95,0,10,0x11,0,NoRank,0xa9,0x0,NoEffect,0,0x0,0x0,0x0
Dragonstone,DragonstoneName,0x448,0x4ad,0xaa,0xb,IsWeapon|IsMagic|Indestructible|MonsterWeapon,0x88aefcc,MonsterEffectiveness|IsPointer,50,16,110,0,15,0x11,0,NoRank,0xaa,0x0,NoEffect,0,0x0,0x0,0x0
Demon Surge,DemonSurgeName,0x46f,0x0,0xab,0x7,IsWeapon|IsMagic|Unsellable,0x0,0x0,0,11,90,10,0,0x12,0,NoRank,0xab,0x0,NoEffect,0,0x0,0x0,0x0
Shadowshot,ShadowshotName,0x470,0x0,0xac,0x7,IsWeapon|IsMagic|Uncounterable,0x0,0x0,5,13,80,20,5,0x3a,0,NoRank,0xac,0x0,CannotDoubleEffect,0,0x0,0x0,0x0
Rotten Claw,RottenClawName,0x44e,0x0,0xad,0xb,IsWeapon|Indestructible|MonsterWeapon,0x0,0x0,0,11,90,8,0,0x11,0,NoRank,0xad,0x0,NoEffect,0,0x0,0x0,0x0
Fetid Claw,FetidClawName,0x44f,0x0,0xae,0xb,IsWeapon|Indestructible|MonsterWeapon,0x0,0x0,0,16,85,10,0,0x11,0,NoRank,0xae,0x0,NoEffect,0,0x0,0x0,0x0
Poison Claw,PoisonClawName,0x450,0x0,0xaf,0xb,IsWeapon|Indestructible|MonsterWeapon,0x0,0x0,0,6,75,10,0,0x11,0,NoRank,0xaf,0x0,PoisonEffect,0,0x0,0x0,0x0
Lethal Talon,LethalTalonName,0x451,0x0,0xb0,0xb,IsWeapon|Indestructible|MonsterWeapon,0x0,0x0,0,10,70,12,0,0x11,0,NoRank,0xb0,0x0,PoisonEffect,0,0x0,0x0,0x0
Fiery Fang,FieryFangName,0x452,0x0,0xb1,0xb,IsWeapon|Indestructible|MonsterWeapon,0x0,0x0,0,5,100,5,0,0x11,0,NoRank,0xb1,0x0,NoEffect,0,0x0,0x0,0x0
Hellfang,HellfangName,0x453,0x0,0xb2,0xb,IsWeapon|Indestructible|MonsterWeapon,0x0,0x0,0,13,90,8,0,0x11,0,NoRank,0xb2,0x0,NoEffect,0,0x0,0x0,0x0
Evil Eye,EvilEyeName,0x46d,0x0,0xb3,0x7,IsWeapon|IsMagic|Unsellable|Indestructible,0x0,0x0,0,7,95,6,0,0x12,0,NoRank,0xb3,0x0,NoEffect,0,0x0,0x0,0x0
Crimson Eye,CrimsonEyeName,0x46e,0x0,0xb4,0x7,IsWeapon|IsMagic|Unsellable|Indestructible,0x0,0x0,0,14,80,13,0,0x12,0,NoRank,0xb4,0x0,NoEffect,0,0x0,0x0,0x0
Stone,StoneName,0x46c,0x0,0xb5,0x7,IsWeapon|IsMagic,0x0,0x0,5,0,75,8,0,0x13,0,NoRank,0xb5,0x0,StoneEffect,5,0x0,0x0,0x0
Aircalibur,AircaliburName,0x45b,0x0,0xb6,Tome,IsWeapon|IsMagic,0x0,FlierEffectiveness|IsPointer,20,8,95,2,0,0x12,55,BRank,0xb6,0x0,NoEffect,1,0x0,0x0,0x0
Juna Fruit,JunaFruitName,0x4aa,0x4e3,0xb7,0x9,0x0,0x0,0x0,1,0,0,0,0,0x11,0,NoRank,0xb7,0x36,NoEffect,0,0x0,0x0,0x0
150G,0x3fe,0x4a1,0x4da,0xb8,0x9,0x0,0x0,0x0,1,0,0,0,0,0x11,150,NoRank,0xb8,0x0,NoEffect,0,0x0,0x0,0x0
200G,0x3ff,0x4a1,0x4da,0xb9,0x9,0x0,0x0,0x0,1,0,0,0,0,0x11,200,NoRank,0xb9,0x0,NoEffect,0,0x0,0x0,0x0
Black Gem,BlackGemName,0x49d,0x0,0xba,0x9,0x0,0x0,0x0,1,0,0,0,0,0x11,30000,NoRank,0xba,0x0,NoEffect,0,0x0,0x0,0x0
Gold Gem,GoldGemName,0x49c,0x0,0xbb,0x9,0x0,0x0,0x0,1,0,0,0,0,0x11,40000,NoRank,0xbb,0x0,NoEffect,0,0x0,0x0,0x0
Skill Scroll,0xFFFF,0xFFFF,SkillScrollDesc,0xbc,0x9,0x0,0x0,0x0,1,0,0,0,0,0x11,10000,NoRank,0xbc,0x38,NoEffect,0,0x0,0x0,0x0
Loneliness,LonelinessName,LonelinessDesc,0x0,0xbd,Dark,IsWeapon|IsMagic|Unsellable|PillowLock,0x0,0x0,40,8,90,8,30,0x26,20,DRank,0xbd,0x0,NoEffect,1,0x0,0x0,0x0
Dummy,0x403,0x4ab,0x0,0xbe,0x7,IsWeapon|IsMagic,0x0,0x0,0,11,90,10,0,0x22,0,DRank,0xbe,0x0,NoEffect,1,0x0,0x0,0x0
Dummy,0x403,0x4ab,0x0,0xbf,0x7,IsWeapon|IsMagic,0x0,0x0,0,11,90,10,0,0x22,0,DRank,0xbf,0x0,NoEffect,1,0x0,0x0,0x0
Dummy,0x403,0x4ab,0x0,0xc0,Special,IsWeapon|IsMagic,0x0,0x0,8,25,0,8,0,0x22,0,ERank,0xc0,0x0,NoEffect,1,0x0,0x0,0x0
Bomb,BombName,BombDesc,0x0,0xc1,Special,IsWeapon|IsMagic,0x0,0x0,8,21,90,8,0,0x22,50,ERank,Bomb,0x0,NoEffect,4,0x0,0x0,0x0
Heavy Bomb,HeavyBombName,HeavyBombDesc,0x0,0xc2,Special,IsWeapon|IsMagic,0x0,0x0,6,25,90,12,0,0x22,90,DRank,HeavyBomb,0x0,NoEffect,4,0x0,0x0,0x0
Long+AC0-Fuse,LongFuseBombName,LongFuseBombDesc,0x0,0xc3,Special,IsWeapon|IsMagic,0x0,0x0,6,20,90,16,0,0x33,60,DRank,LongFuseBomb,0x0,NoEffect,4,0x0,0x0,0x0
Powder Shell,PowderShellName,PowderShellDesc,0x0,0xc4,Special,IsWeapon|IsMagic,0x0,0x0,8,40,90,8,0,0x22,120,BRank,PowderShell,0x0,NoEffect,4,0x0,0x0,0x0
Firebomb,FirebombName,FirebombDesc,0x0,0xc5,Special,IsWeapon|IsMagic,0x0,HorseEffectiveness|IsPointer,6,25,90,10,0,0x22,100,CRank,Firebomb,0x0,NoEffect,4,0x0,0x0,0x0
Sticky Bomb,StickyBombName,StickyBombDesc,0x0,0xc6,Special,IsWeapon|IsMagic,0x0,ArmorEffectiveness|IsPointer,6,25,90,10,0,0x22,100,CRank,StickyBomb,0x0,NoEffect,4,0x0,0x0,0x0
Cluster Bomb,ClusterBombName,ClusterBombDesc,0x0,0xc7,Special,IsWeapon|IsMagic,0x0,0x0,10,25,90,8,0,0x22,140,BRank,ClusterBomb,0x0,NoEffect,4,0x0,0x0,0x0
Powder Keg,PowderKegName,PowderKegDesc,0x0,0xc8,Special,IsWeapon|IsMagic,0x0,0x0,3,70,90,30,0,0x22,500,ARank,PowderKeg,0x0,NoEffect,4,0x0,0x0,0x0
Red Hornet,RedHornetName,RedHornetDesc,0x0,0xc9,Special,IsWeapon|IsMagic,0x0,0x0,6,20,110,8,40,0x22,100,CRank,RedHornet,0x0,NoEffect,4,0x0,0x0,0x0
Gold Hornet,GoldHornetName,GoldHornetDesc,0x0,0xca,Special,IsWeapon|IsMagic,0x0,0x0,6,35,110,8,40,0x22,220,ARank,GoldHornet,0x0,NoEffect,4,0x0,0x0,0x0
Slim Axe,SlimAxeName,BlankDesc,0x0,0xcb,0x2,IsWeapon,0x0,0x0,30,9,100,9,20,0x11,12,ERank,0xcb,0x0,NoEffect,1,0x0,0x0,0x0
Moonshine,MoonshineName,MoonshineDesc,0x0,0xcc,Special,IsWeapon|IsMagic,0x0,0x0,1,60,90,8,0,0x22,0,ERank,0xcc,0x0,NoEffect,16,0x0,0x0,0x0
Butterfly,ButterflyName,ButterflyDesc,ButterflyUseDesc,0xcd,0x9,Unsellable,0x0,0x0,1,0,0,0,0,0x11,100,NoRank,0xcd,ButterflyItemEffectID,NoEffect,0,0x0,0x0,0x0
Crystal Knife,CrystalKnifeName,BlankDesc,0x0,0xce,0x0,IsWeapon,0x0,0x0,5,15,120,1,0,0x11,10,ERank,0xce,0x0,NoEffect,6,0x0,0x0,0x0
Skewer,SkewerName,SkewerDesc,0x0,0xcf,0x1,IsWeapon,0x0,0x0,30,8,70,13,0,0x11,16,CRank,0xcf,0x0,NoEffect,1,0x0,0x0,ChargeID
Savage Blade,SavageBladeName,SavageBladeDesc,0x0,0xd0,0x0,IsWeapon,0x0,0x0,15,14,85,13,35,0x11,50,BRank,0xd0,0x0,NoEffect,1,0x0,0x0,0x0
Savage Gore,SavageGoreName,SavageGoreDesc,0x0,0xd1,0x1,IsWeapon,0x0,0x0,15,15,80,14,35,0x11,60,BRank,0xd1,0x0,NoEffect,1,0x0,0x0,0x0
Savage Maul,SavageMaulName,SavageMaulDesc,0x0,0xd2,0x2,IsWeapon,0x0,0x0,15,17,75,16,35,0x11,50,BRank,0xd2,0x0,NoEffect,1,0x0,0x0,0x0
Ablatio Photon,AblatioPhotonName,AblatioPhotonDesc,0x0,0xd3,Tome,IsWeapon|IsMagic|Uncounterable|ReverseTriangle|NegateDef,0x0,0x0,5,30,120,20,0,0x3a,600,ARank,AblatioPhoton,0x0,CannotDoubleEffect,3,0x0,0x0,0x0
Manxome Mien,ManxomeMienName,ManxomeMienDesc,0x0,0xd4,0x9,Unsellable,0x0,0x0,1,0,0,0,0,0x11,100,NoRank,0xcd,0x0,NoEffect,0,0x0,0x0,0x0
Breeze,BreezeName,BreezeDesc,BreezeUseDesc,0xd5,0x4,IsStaff,0x0,0x0,1,0,0,0,0,0x11,65,CRank,Breeze,0x5,NoEffect,1,0x0,0x0,0x0
Patient Katti,PatientKattiName,PatientKattiDesc,0x0,0xd6,0x0,IsWeapon,0x0,0x0,20,10,110,7,50,0x11,65,CRank,PatientKatti,0x0,NoEffect,1,0x0,0x0,VantageMinusID
Dervish Katti,DervishKattiName,DervishKattiDesc,0x0,0xd7,0x0,IsWeapon|IsBrave,0x0,0x0,20,6,80,7,30,0x11,65,CRank,DervishKatti,0x0,NoEffect,1,0x0,0x0,0x0
Razorbeak,RazorbeakName,RazorbeakDesc,0x0,0xd8,0x1,IsWeapon|Uncounterable|NegateDef,0x0,0x0,15,7,100,5,20,0x11,15,CRank,Razorbeak,0x0,NoEffect,1,0x0,0x0,0x0
Nothing,0x0,0x0,0x0,0x0,0x0,0x0,0x0,0x0,0,0,0,0,0,0x0,0,NoRank,0x0,0x0,NoEffect,0,0x0,0x0,0x0
Nothing,0x0,0x0,0x0,0x0,0x0,0x0,0x0,0x0,0,0,0,0,0,0x0,0,NoRank,0x0,0x0,NoEffect,0,0x0,0x0,0x0
Nothing,0x0,0x0,0x0,0x0,0x0,0x0,0x0,0x0,0,0,0,0,0,0x0,0,NoRank,0x0,0x0,NoEffect,0,0x0,0x0,0x0
Nothing,0x0,0x0,0x0,0x0,0x0,0x0,0x0,0x0,0,0,0,0,0,0x0,0,NoRank,0x0,0x0,NoEffect,0,0x0,0x0,0x0
Nothing,0x0,0x0,0x0,0x0,0x0,0x0,0x0,0x0,0,0,0,0,0,0x0,0,NoRank,0x0,0x0,NoEffect,0,0x0,0x0,0x0
Nothing,0x0,0x0,0x0,0x0,0x0,0x0,0x0,0x0,0,0,0,0,0,0x0,0,NoRank,0x0,0x0,NoEffect,0,0x0,0x0,0x0
Nothing,0x0,0x0,0x0,0x0,0x0,0x0,0x0,0x0,0,0,0,0,0,0x0,0,NoRank,0x0,0x0,NoEffect,0,0x0,0x0,0x0
Nothing,0x0,0x0,0x0,0x0,0x0,0x0,0x0,0x0,0,0,0,0,0,0x0,0,NoRank,0x0,0x0,NoEffect,0,0x0,0x0,0x0
Nothing,0x0,0x0,0x0,0x0,0x0,0x0,0x0,0x0,0,0,0,0,0,0x0,0,NoRank,0x0,0x0,NoEffect,0,0x0,0x0,0x0
Nothing,0x0,0x0,0x0,0x0,0x0,0x0,0x0,0x0,0,0,0,0,0,0x0,0,NoRank,0x0,0x0,NoEffect,0,0x0,0x0,0x0
Nothing,0x0,0x0,0x0,0x0,0x0,0x0,0x0,0x0,0,0,0,0,0,0x0,0,NoRank,0x0,0x0,NoEffect,0,0x0,0x0,0x0
Nothing,0x0,0x0,0x0,0x0,0x0,0x0,0x0,0x0,0,0,0,0,0,0x0,0,NoRank,0x0,0x0,NoEffect,0,0x0,0x0,0x0
Nothing,0x0,0x0,0x0,0x0,0x0,0x0,0x0,0x0,0,0,0,0,0,0x0,0,NoRank,0x0,0x0,NoEffect,0,0x0,0x0,0x0
Nothing,0x0,0x0,0x0,0x0,0x0,0x0,0x0,0x0,0,0,0,0,0,0x0,0,NoRank,0x0,0x0,NoEffect,0,0x0,0x0,0x0
Nothing,0x0,0x0,0x0,0x0,0x0,0x0,0x0,0x0,0,0,0,0,0,0x0,0,NoRank,0x0,0x0,NoEffect,0,0x0,0x0,0x0
Nothing,0x0,0x0,0x0,0x0,0x0,0x0,0x0,0x0,0,0,0,0,0,0x0,0,NoRank,0x0,0x0,NoEffect,0,0x0,0x0,0x0
Nothing,0x0,0x0,0x0,0x0,0x0,0x0,0x0,0x0,0,0,0,0,0,0x0,0,NoRank,0x0,0x0,NoEffect,0,0x0,0x0,0x0
Nothing,0x0,0x0,0x0,0x0,0x0,0x0,0x0,0x0,0,0,0,0,0,0x0,0,NoRank,0x0,0x0,NoEffect,0,0x0,0x0,0x0
Nothing,0x0,0x0,0x0,0x0,0x0,0x0,0x0,0x0,0,0,0,0,0,0x0,0,NoRank,0x0,0x0,NoEffect,0,0x0,0x0,0x0
Nothing,0x0,0x0,0x0,0x0,0x0,0x0,0x0,0x0,0,0,0,0,0,0x0,0,NoRank,0x0,0x0,NoEffect,0,0x0,0x0,0x0
Nothing,0x0,0x0,0x0,0x0,0x0,0x0,0x0,0x0,0,0,0,0,0,0x0,0,NoRank,0x0,0x0,NoEffect,0,0x0,0x0,0x0
Nothing,0x0,0x0,0x0,0x0,0x0,0x0,0x0,0x0,0,0,0,0,0,0x0,0,NoRank,0x0,0x0,NoEffect,0,0x0,0x0,0x0
Nothing,0x0,0x0,0x0,0x0,0x0,0x0,0x0,0x0,0,0,0,0,0,0x0,0,NoRank,0x0,0x0,NoEffect,0,0x0,0x0,0x0
Nothing,0x0,0x0,0x0,0x0,0x0,0x0,0x0,0x0,0,0,0,0,0,0x0,0,NoRank,0x0,0x0,NoEffect,0,0x0,0x0,0x0
Nothing,0x0,0x0,0x0,0x0,0x0,0x0,0x0,0x0,0,0,0,0,0,0x0,0,NoRank,0x0,0x0,NoEffect,0,0x0,0x0,0x0
Nothing,0x0,0x0,0x0,0x0,0x0,0x0,0x0,0x0,0,0,0,0,0,0x0,0,NoRank,0x0,0x0,NoEffect,0,0x0,0x0,0x0
Nothing,0x0,0x0,0x0,0x0,0x0,0x0,0x0,0x0,0,0,0,0,0,0x0,0,NoRank,0x0,0x0,NoEffect,0,0x0,0x0,0x0
Nothing,0x0,0x0,0x0,0x0,0x0,0x0,0x0,0x0,0,0,0,0,0,0x0,0,NoRank,0x0,0x0,NoEffect,0,0x0,0x0,0x0
Nothing,0x0,0x0,0x0,0x0,0x0,0x0,0x0,0x0,0,0,0,0,0,0x0,0,NoRank,0x0,0x0,NoEffect,0,0x0,0x0,0x0
Nothing,0x0,0x0,0x0,0x0,0x0,0x0,0x0,0x0,0,0,0,0,0,0x0,0,NoRank,0x0,0x0,NoEffect,0,0x0,0x0,0x0
Nothing,0x0,0x0,0x0,0x0,0x0,0x0,0x0,0x0,0,0,0,0,0,0x0,0,NoRank,0x0,0x0,NoEffect,0,0x0,0x0,0x0
Nothing,0x0,0x0,0x0,0x0,0x0,0x0,0x0,0x0,0,0,0,0,0,0x0,0,NoRank,0x0,0x0,NoEffect,0,0x0,0x0,0x0
Nothing,0x0,0x0,0x0,0x0,0x0,0x0,0x0,0x0,0,0,0,0,0,0x0,0,NoRank,0x0,0x0,NoEffect,0,0x0,0x0,0x0
Nothing,0x0,0x0,0x0,0x0,0x0,0x0,0x0,0x0,0,0,0,0,0,0x0,0,NoRank,0x0,0x0,NoEffect,0,0x0,0x0,0x0
Nothing,0x0,0x0,0x0,0x0,0x0,0x0,0x0,0x0,0,0,0,0,0,0x0,0,NoRank,0x0,0x0,NoEffect,0,0x0,0x0,0x0
Nothing,0x0,0x0,0x0,0x0,0x0,0x0,0x0,0x0,0,0,0,0,0,0x0,0,NoRank,0x0,0x0,NoEffect,0,0x0,0x0,0x0
