INLINE NewClassTable,Name,Description,ID,Default Class Promoted From/To,Standing Map Anims,Move Speed,Generic Mug,N/A,HP,Atk,Skl,Spd,Def,Res,Con,Mov,HP Cap,Atk Cap,Skl Cap,Spd Cap,Def Cap,Res Cap,Con Cap,Class Relative Power,HP Growth,Atk Growth,Skl Growth,Spd Growth,Def Growth,Res Growth,Luck Growth,HP Promo Gain,Atk Promo Gain,Skl Promo Gain,Spd Promo Gain,Def Promo Gain,Res Promo Gain,CharClassAbility,Sword,Lance,Axe,Bow,Staff,Anima,Light,Dark,Battle Anims,Move Costs,Rain Move Costs,Snow Move Costs,Avo Bonus,Def Bonus,Res Bonus,Class Type
None,0x0,0x0,0x0,0x0,0x0,0x0,0x0,0x0,0,0,0,0,0,0,0,0,0,0,0,0,0,0,0,0,0,0,0,0,0,37,0,37,0,0,65,0,0,0x1000002,NoRank,NoRank,NoRank,NoRank,NoRank,NoRank,NoRank,NoRank,0x1f,0x0,0x231e143c,0x190f0f,0x0,0x0,0x0,0x0
UpstartM,UpstartMName,UpstartMDesc,UpstartM,0x3,0x0,0x0,0x8b,0x1,22,0,0,0,0,0,8,5,60,20,20,20,20,20,25,3,110,55,50,55,20,20,50,0,0,0,0,0,0,UnlockEphraim|IsLord,NoRank,NoRank,NoRank,ERank,ERank,NoRank,NoRank,NoRank,HeroMAnim,0x880b808,0x880bc59,0x880c069,0x880c479,0x880c4ba,0x880c4fb,0x0
UpstartF,UpstartFName,UpstartFDesc,UpstartF,0x4,0x1,0x0,0x8b,0x1,19,0,0,0,0,0,8,5,60,20,20,20,20,20,25,3,110,55,50,55,20,25,50,0,0,0,0,0,0,IsLord|SwordmasterUnlock|UnlockEirika,ERank,NoRank,NoRank,NoRank,NoRank,NoRank,ERank,NoRank,HeroFAnim,0x880b808,0x880bc59,0x880c069,0x880c479,0x880c4ba,0x880c4fb,SwordType
Ephraim Master Lord,0x2c0,0x30b,0x3,0x1,0x2,0x0,0x8b,0x2,22,4,4,5,6,0,10,7,60,30,30,30,30,30,25,3,110,55,50,55,20,20,50,4,2,3,2,2,5,IsPromoted|UnlockEphraim|IsLord|MountedAid|HasCanto|HorseIcon,NoRank,CRank,NoRank,NoRank,NoRank,NoRank,NoRank,NoRank,0x88aeff0,0x880bad3,0x880bf24,0x880c334,0x880c479,0x880c4ba,0x880c4fb,HorseType
Eirika Master Lord,0x2c0,0x30c,0x4,0x2,0x3,0x0,0x8b,0x2,22,4,4,5,6,0,7,7,60,30,30,30,30,30,25,3,110,55,50,55,20,25,50,4,2,2,1,3,5,IsPromoted|UnlockEirika|IsLord|MountedAid|HasCanto|HorseIcon|SwordmasterUnlock,CRank,NoRank,NoRank,NoRank,NoRank,NoRank,NoRank,NoRank,0x88aeffc,0x880bad3,0x880bf24,0x880c334,0x880c479,0x880c4ba,0x880c4fb,HorseType|SwordType
Cavalier,0x2c1,0x30d,0x5,0x7,0x4,0x0,0x80,0x20,26,7,6,6,7,0,9,7,60,20,20,20,20,20,25,3,90,40,50,35,20,20,35,0,0,0,0,0,0,MountedAid|HasCanto|HorseIcon,ERank,DRank,NoRank,NoRank,NoRank,NoRank,NoRank,NoRank,0x88af008,0x880ba92,0x880bee3,0x880c2f3,0x880c479,0x880c4ba,0x880c4fb,HorseType
Cavalier (F),BunnyRecruitName,BunnyRecruitDesc,BunnyRecruit,0x8,0x74,0x0,0x80,0x20,26,7,6,6,7,0,9,7,60,20,20,20,20,20,25,3,90,40,50,35,20,20,35,1,0,2,2,0,2,MountedAid|HasCanto|HorseIcon,NoRank,ERank,NoRank,NoRank,NoRank,NoRank,NoRank,NoRank,BunnyRecruitAnim ,0x880ba92,0x880bee3,0x880c2f3,0x880c479,0x880c4ba,0x880c4fb,HorseType
Paladin,0x2c2,0x30e,0x7,0x5,0x5,0x0,0x81,0x21,36,12,11,11,11,2,11,8,60,30,30,30,30,30,25,3,85,30,35,20,15,25,30,2,1,1,1,2,1,MountedAid|HasCanto|HorseIcon|IsPromoted,DRank,DRank,NoRank,NoRank,NoRank,NoRank,NoRank,NoRank,0x88af028,0x880bad3,0x880bf24,0x880c334,0x880c479,0x880c4ba,0x880c4fb,HorseType
Paladin (F),0x2c2,0x30e,0x8,0x6,0x5,0x0,0x81,0x21,36,12,11,11,11,2,11,8,60,30,30,30,30,30,25,3,85,30,40,30,15,30,30,1,1,1,2,1,2,MountedAid|HasCanto|HorseIcon|IsPromoted,DRank,DRank,NoRank,NoRank,NoRank,NoRank,NoRank,NoRank,0x88af038,0x880bad3,0x880bf24,0x880c334,0x880c479,0x880c4ba,0x880c4fb,HorseType
Armour Knight,0x2c3,0x30f,0x9,0xb,0x6,0x1,0x76,0xc,29,10,5,1,10,1,13,5,60,20,20,20,20,20,25,3,95,50,35,20,35,25,30,0,0,0,0,0,0,0x0,NoRank,DRank,NoRank,NoRank,NoRank,NoRank,NoRank,NoRank,0x88af048,0x880b88a,0x880bcdb,0x880c0eb,0x880c479,0x880c4ba,0x880c4fb,ArmorType
Low-Voice,LowVoiceName,LowVoiceDesc,LowVoice,0xc,0x70,0x1,0x76,0xc,0,0,0,0,0,0,8,1,60,20,20,20,20,20,25,3,95,50,35,20,35,25,30,2,1,1,1,2,0,Summoning,NoRank,NoRank,NoRank,NoRank,NoRank,NoRank,NoRank,ERank,LowVoiceAnim ,0x880ba10,0x880be61,0x880c271,0x880c479,0x880c4ba,0x880c4fb,ArmorType
General,0x2c4,0x310,0xb,0x9,0x7,0x1,0x77,0xd,36,13,8,5,16,4,15,3,60,30,30,30,30,30,25,3,90,35,25,10,30,30,25,4,2,2,3,2,3,0x0,ERank,CRank,ERank,NoRank,NoRank,NoRank,NoRank,NoRank,0x88af060,0x880b88a,0x880bcdb,0x880c0eb,0x880c479,0x880c4ba,0x880c4fb,ArmorType
Headsman,HeadsmanName,HeadsmanDesc,Headsman,0xa,0x71,0x1,0x77,0xd,0,0,0,0,0,0,12,5,60,20,20,20,20,20,25,3,90,35,30,10,30,30,25,3,2,3,2,3,3,IsPromoted,NoRank,NoRank,ERank,NoRank,NoRank,NoRank,ERank,NoRank,0x88af434,0x880b88a,0x880bcdb,0x880c0eb,0x880c479,0x880c4ba,0x880c4fb,ArmorType
Thief,0x2c5,0x311,0xd,0x17,0x8,0x0,0x8e,0x7,19,4,1,11,2,0,6,6,60,20,20,20,20,20,25,2,60,5,55,50,5,25,50,0,0,0,0,0,0,Steal|CanUseLockpick,ERank,NoRank,NoRank,NoRank,NoRank,NoRank,NoRank,NoRank,0x88af0a0,0x880b9cf,0x880be20,0x880c230,0x880c479,0x880c4ba,0x880c4fb,SwordType
Manakete,0x2d7,0x323,0xe,0x1f,0x9,0x0,0x8f,0x1f,14,0,0,2,2,2,5,6,60,20,20,20,20,20,25,2,115,50,35,25,0,10,30,0,0,0,0,0,0,UseMonsterWeapons,NoRank,NoRank,NoRank,NoRank,NoRank,NoRank,NoRank,NoRank,0x88af0ac,0x880bb96,0x880bfe7,0x880c3f7,0x880c53c,0x880c57d,0x880c5be,DragonType
Mercenary,0x2c6,0x312,0xf,0x11,0xa,0x0,0x90,0x3,25,7,10,10,5,0,9,5,60,20,20,20,20,20,25,3,95,50,50,40,20,25,35,0,0,0,0,0,0,0x0,DRank,NoRank,NoRank,NoRank,NoRank,NoRank,NoRank,NoRank,0x88af0b8,0x880b849,0x880bc9a,0x880c0aa,0x880c479,0x880c4ba,0x880c4fb,SwordType
Bow Armor,BowArmorName,BowArmorDesc,0x10,0xb,0x75,0x1,0x76,0xc,29,10,5,1,10,1,13,5,60,20,20,20,20,20,25,3,95,50,35,20,35,25,30,0,0,0,0,0,0,0x0,NoRank,DRank,NoRank,NoRank,NoRank,NoRank,NoRank,NoRank,BowArmorAnim,0x880b88a,0x880bcdb,0x880c0eb,0x880c479,0x880c4ba,0x880c4fb,ArmorType
Hero,0x2c7,0x313,0x11,0xf,0xc,0x0,0x91,0x4,30,8,14,14,8,2,11,6,60,30,30,30,30,30,25,3,90,35,35,25,25,25,30,4,1,2,2,2,2,IsPromoted,NoRank,NoRank,NoRank,ERank,NoRank,NoRank,NoRank,NoRank,0x88af0d0,0x880b808,0x880bc59,0x880c069,0x880c479,0x880c4ba,0x880c4fb,SwordType
Hero (F),0x2c7,0x313,0x12,0x10,0xd,0x0,0x91,0x4,30,8,11,14,8,4,9,6,60,30,30,30,30,30,25,3,90,35,35,25,25,25,30,0,0,0,0,0,0,IsPromoted,CRank,NoRank,DRank,NoRank,NoRank,NoRank,NoRank,NoRank,0x88af0ec,0x880b808,0x880bc59,0x880c069,0x880c479,0x880c4ba,0x880c4fb,SwordType
Myrmidon,0x2c8,0x314,0x13,0x15,0xe,0x0,0x72,0x5,24,6,11,11,4,5,8,5,60,20,20,20,20,20,25,3,85,40,50,50,20,25,35,0,0,0,0,0,0,SwordmasterUnlock,DRank,NoRank,NoRank,NoRank,NoRank,NoRank,NoRank,NoRank,0x88af108,0x880b849,0x880bc9a,0x880c0aa,0x880c479,0x880c4ba,0x880c4fb,SwordType
Myrmidon (F),0x2c8,0x314,0x14,0x16,0xf,0x0,0x72,0x5,24,6,11,11,4,5,8,5,60,20,20,20,20,20,25,3,85,40,50,50,20,25,35,0,0,0,0,0,0,SwordmasterUnlock,DRank,NoRank,NoRank,NoRank,NoRank,NoRank,NoRank,NoRank,0x88af114,0x880b849,0x880bc9a,0x880c0aa,0x880c479,0x880c4ba,0x880c4fb,SwordType
Swordmaster,0x2c9,0x315,0x15,0x13,0x10,0x0,0x73,0x6,25,10,17,17,5,8,9,6,60,30,30,30,30,30,25,3,80,30,35,35,20,25,30,5,2,0,0,2,1,SwordmasterUnlock|IsPromoted|CritBoost,CRank,NoRank,NoRank,NoRank,NoRank,NoRank,NoRank,NoRank,0x88af120,0x880b808,0x880bc59,0x880c069,0x880c479,0x880c4ba,0x880c4fb,SwordType
Swordmaster (F),0x2c9,0x315,0x16,0x14,0x11,0x0,0x73,0x6,25,10,17,17,5,8,9,6,60,30,30,30,30,30,25,3,80,30,35,35,20,25,30,4,2,1,0,2,1,SwordmasterUnlock|IsPromoted|CritBoost,CRank,NoRank,NoRank,NoRank,NoRank,NoRank,NoRank,NoRank,0x88af12c,0x880b808,0x880bc59,0x880c069,0x880c479,0x880c4ba,0x880c4fb,SwordType
Assassin,0x2ca,0x316,0x17,0xd,0x12,0x0,0x8e,0x8,22,12,19,19,2,0,8,6,60,20,30,30,20,20,25,3,60,5,55,50,5,25,50,3,1,0,0,2,2,CanUseLockpick|IsPromoted|SwordmasterUnlock|Lethality,DRank,NoRank,NoRank,NoRank,NoRank,NoRank,NoRank,NoRank,0x88af138,0x880b9cf,0x880be20,0x880c230,0x880c479,0x880c4ba,0x880c4fb,SwordType
Assassin (F),0x2ca,0x316,0x18,0xd,0x13,0x0,0x8e,0x8,22,12,19,19,2,0,8,6,60,20,30,30,20,20,25,3,60,5,55,50,5,25,50,2,1,1,1,2,1,CanUseLockpick|IsPromoted|SwordmasterUnlock|Lethality,DRank,NoRank,NoRank,NoRank,NoRank,NoRank,NoRank,NoRank,0x88af144,0x880b9cf,0x880be20,0x880c230,0x880c479,0x880c4ba,0x880c4fb,SwordType
Archer,0x2cb,0x317,0x19,0x1b,0x14,0x0,0x78,0xa,22,6,10,7,4,4,7,5,60,20,20,20,20,20,25,3,85,40,50,40,20,20,40,0,0,0,0,0,0,UseBallista,NoRank,NoRank,NoRank,DRank,NoRank,NoRank,NoRank,NoRank,0x88af150,0x880b849,0x880bc9a,0x880c0aa,0x880c479,0x880c4ba,0x880c4fb,0x0
Archer (F),0x2cb,0x317,0x1a,0x1c,0x15,0x0,0x78,0xa,22,6,10,7,4,4,7,5,60,20,20,20,20,20,25,3,85,40,50,40,20,25,40,0,0,0,0,0,0,UseBallista,NoRank,NoRank,NoRank,DRank,NoRank,NoRank,NoRank,NoRank,0x88af168,0x880b849,0x880bc9a,0x880c0aa,0x880c479,0x880c4ba,0x880c4fb,0x0
Sniper,0x2cc,0x318,0x1b,0x19,0x16,0x0,0x79,0xb,25,10,14,11,6,6,8,6,60,30,30,30,30,30,25,3,80,35,35,25,20,25,35,3,1,2,2,2,3,IsPromoted|UseBallista,NoRank,NoRank,NoRank,CRank,NoRank,NoRank,NoRank,NoRank,0x88af180,0x880b808,0x880bc59,0x880c069,0x880c479,0x880c4ba,0x880c4fb,0x0
Sniper (F),0x2cc,0x318,0x1c,0x1a,0x17,0x0,0x79,0xb,25,10,14,11,6,6,8,6,60,30,30,30,30,30,25,3,80,35,35,25,20,30,35,4,3,1,1,2,2,IsPromoted|UseBallista,NoRank,NoRank,NoRank,CRank,NoRank,NoRank,NoRank,NoRank,0x88af198,0x880b808,0x880bc59,0x880c069,0x880c479,0x880c4ba,0x880c4fb,0x0
Ranger,0x2cd,0x319,0x1d,0x19,0x18,0x0,0x97,0xc,25,8,13,10,6,2,9,7,60,30,30,30,30,30,25,3,70,30,35,40,20,20,30,3,2,1,1,3,3,HorseIcon|IsPromoted|MountedAid|HasCanto,DRank,NoRank,NoRank,DRank,NoRank,NoRank,NoRank,NoRank,0x88af1b0,0x880bb55,0x880bfa6,0x880c3b6,0x880c479,0x880c4ba,0x880c4fb,HorseType
Ranger (F),0x2cd,0x319,0x1e,0x1a,0x18,0x0,0x97,0xc,25,8,13,10,6,2,9,7,60,30,30,30,30,30,25,3,70,30,35,40,20,25,30,2,2,2,1,3,3,HorseIcon|IsPromoted|MountedAid|HasCanto,DRank,NoRank,NoRank,DRank,NoRank,NoRank,NoRank,NoRank,0x88af1c0,0x880bb55,0x880bfa6,0x880c3b6,0x880c479,0x880c4ba,0x880c4fb,HorseType
Wyvern Rider,0x2ce,0x31a,0x1f,0x21,0x19,0x0,0x88,0xd,24,8,4,6,10,0,10,7,60,30,30,30,30,30,25,3,95,55,40,35,30,20,30,0,0,0,0,0,0,MountedAid|HasCanto|DragonIcon,NoRank,DRank,NoRank,NoRank,NoRank,NoRank,NoRank,NoRank,0x88af1d0,0x880bb96,0x880bfe7,0x880c3f7,0x880c53c,0x880c57d,0x880c5be,DragonType|FlierType
Wyvern Rider (F),0x2ce,0x31a,0x20,0x22,0x1a,0x0,0x88,0xd,28,2,7,5,5,8,8,7,60,30,30,30,30,30,25,3,95,55,40,35,30,20,30,0,0,0,0,0,0,MountedAid|HasCanto|DragonIcon,NoRank,DRank,NoRank,NoRank,NoRank,NoRank,NoRank,NoRank,0x88af1dc,0x880bb96,0x880bfe7,0x880c3f7,0x880c53c,0x880c57d,0x880c5be,DragonType|FlierType
Wyvern Lord,0x2cf,0x31b,0x21,0x1f,0x1b,0x0,0x89,0xe,32,14,7,10,13,1,11,8,60,30,30,30,30,30,25,3,90,50,35,25,25,20,25,4,2,2,0,2,0,MountedAid|HasCanto|DragonIcon|IsPromoted,DRank,CRank,NoRank,NoRank,NoRank,NoRank,NoRank,NoRank,0x88af1e8,0x880bb96,0x880bfe7,0x880c3f7,0x880c53c,0x880c57d,0x880c5be,DragonType|FlierType
Wyvern Lord (F),0x2cf,0x31b,0x22,0x20,0x1c,0x0,0x89,0xe,32,14,7,10,13,1,11,8,60,30,30,30,30,30,25,3,90,50,35,25,25,20,25,0,0,0,0,0,0,MountedAid|HasCanto|DragonIcon|IsPromoted,DRank,CRank,NoRank,NoRank,NoRank,NoRank,NoRank,NoRank,0x88af1f8,0x880bb96,0x880bfe7,0x880c3f7,0x880c53c,0x880c57d,0x880c5be,DragonType|FlierType
Wyvern Knight,0x2d0,0x31c,0x23,0x1f,0x1d,0x0,0x93,0xf,32,13,10,12,12,0,11,8,60,30,30,30,30,30,25,3,80,40,35,35,20,20,30,3,1,2,3,0,1,MountedAid|HasCanto|DragonIcon|IsPromoted,NoRank,CRank,NoRank,NoRank,NoRank,NoRank,NoRank,NoRank,0x88af208,0x880bb96,0x880bfe7,0x880c3f7,0x880c53c,0x880c57d,0x880c5be,DragonType|FlierType
Wyvern Knight (F),0x2d0,0x31c,0x24,0x20,0x1d,0x0,0x93,0xf,32,13,10,12,12,0,11,8,60,30,30,30,30,30,25,3,80,40,35,35,20,25,30,3,2,1,2,1,1,MountedAid|HasCanto|DragonIcon|IsPromoted,NoRank,CRank,NoRank,NoRank,NoRank,NoRank,NoRank,NoRank,0x88af214,0x880bb96,0x880bfe7,0x880c3f7,0x880c53c,0x880c57d,0x880c5be,DragonType|FlierType
Mage,0x2d1,0x31d,0x25,0x27,0x1e,0x0,0x7c,0x12,19,1,7,6,4,5,6,5,60,20,20,20,20,20,25,3,65,65,50,40,5,35,25,1,0,1,2,1,2,0x0,NoRank,NoRank,NoRank,NoRank,NoRank,DRank,NoRank,NoRank,0x88af220,0x880ba10,0x880be61,0x880c271,0x880c479,0x880c4ba,0x880c4fb,0x0
Mage (F),0x2d1,0x31d,0x26,0x28,0x1f,0x0,0x7c,0x12,22,1,7,6,4,5,6,5,60,20,20,20,20,20,25,3,65,65,50,40,5,50,25,0,0,0,0,0,0,0x0,NoRank,NoRank,NoRank,NoRank,NoRank,DRank,NoRank,NoRank,0x88af234,0x880ba10,0x880be61,0x880c271,0x880c479,0x880c4ba,0x880c4fb,0x0
Sage,0x2d2,0x31e,0x27,0x25,0x20,0x0,0x7d,0x13,24,4,12,10,5,10,7,6,60,30,30,30,30,30,25,3,55,55,35,30,10,50,20,4,1,0,0,3,3,IsPromoted,NoRank,NoRank,NoRank,NoRank,DRank,CRank,DRank,NoRank,0x88af248,0x880ba10,0x880be61,0x880c271,0x880c479,0x880c4ba,0x880c4fb,0x0
Sage (F),0x2d2,0x31e,0x28,0x26,0x21,0x0,0x7d,0x13,24,4,12,10,5,10,7,6,60,30,30,30,30,30,25,3,55,55,35,30,10,50,20,3,1,1,0,3,3,IsPromoted,NoRank,NoRank,NoRank,NoRank,DRank,CRank,DRank,NoRank,0x88af260,0x880ba10,0x880be61,0x880c271,0x880c479,0x880c4ba,0x880c4fb,0x0
Mage Knight,0x2d3,0x31f,0x29,0x25,0x22,0x0,0x95,0x14,24,4,11,7,5,10,7,7,60,30,30,30,30,30,25,3,55,50,35,50,10,50,35,4,2,0,0,2,2,HorseIcon|IsPromoted|MountedAid|HasCanto,NoRank,NoRank,NoRank,NoRank,DRank,CRank,NoRank,NoRank,0x88af278,0x880bad3,0x880bf24,0x880c334,0x880c479,0x880c4ba,0x880c4fb,HorseType
Mage Knight (F),0x2d3,0x31f,0x2a,0x26,0x23,0x0,0x95,0x14,24,4,11,7,5,10,7,7,60,30,30,30,30,30,25,3,55,50,35,50,10,50,50,3,2,1,0,2,2,HorseIcon|IsPromoted|MountedAid|HasCanto,NoRank,NoRank,NoRank,NoRank,DRank,CRank,NoRank,NoRank,0x88af290,0x880bad3,0x880bf24,0x880c334,0x880c479,0x880c4ba,0x880c4fb,HorseType
Bishop,0x2d4,0x320,0x2b,0x45,0x24,0x0,0x7b,0x18,22,4,10,14,2,11,7,6,60,30,30,30,30,30,25,3,55,40,30,25,10,50,50,3,2,1,0,3,2,IsPromoted,NoRank,NoRank,NoRank,NoRank,CRank,NoRank,DRank,NoRank,0x88af2a8,0x880ba10,0x880be61,0x880c271,0x880c479,0x880c4ba,0x880c4fb,0x0
Bishop (F),0x2d4,0x320,0x2c,0x4a,0x25,0x0,0x7b,0x18,22,4,10,14,2,11,7,6,60,30,30,30,30,30,25,3,55,40,30,25,10,60,50,3,1,2,1,2,2,IsPromoted,NoRank,NoRank,NoRank,NoRank,CRank,NoRank,DRank,NoRank,0x88af2c0,0x880ba10,0x880be61,0x880c271,0x880c479,0x880c4ba,0x880c4fb,0x0
Shaman,0x2e1,0x32c,0x2d,0x2f,0x26,0x1,0x7e,0x1b,28,2,7,5,5,8,8,5,60,20,20,20,20,20,25,3,60,60,40,35,10,35,25,1,2,0,1,1,2,0x0,NoRank,NoRank,NoRank,NoRank,NoRank,NoRank,NoRank,DRank,0x88af2d8,0x880ba10,0x880be61,0x880c271,0x880c479,0x880c4ba,0x880c4fb,0x0
Shaman (F),0x2e1,0x32c,0x2e,0x30,0x26,0x1,0x7e,0x1b,28,2,7,5,5,8,8,5,60,20,20,20,20,20,25,3,60,55,40,35,10,50,25,0,0,0,0,0,0,0x0,NoRank,NoRank,NoRank,NoRank,NoRank,NoRank,NoRank,DRank,0x88af2ec,0x880ba10,0x880be61,0x880c271,0x880c479,0x880c4ba,0x880c4fb,0x0
Druid,0x2e2,0x32d,0x2f,0x2d,0x27,0x1,0x7f,0x1c,36,5,12,8,6,14,8,6,60,30,30,30,30,30,25,3,55,65,35,30,10,40,25,4,0,0,3,2,2,IsPromoted,NoRank,NoRank,NoRank,NoRank,ERank,DRank,NoRank,CRank,0x88af300,0x880ba10,0x880be61,0x880c271,0x880c479,0x880c4ba,0x880c4fb,0x0
Druid (F),0x2e2,0x32d,0x30,0x2e,0x27,0x1,0x7f,0x1c,36,5,12,8,6,14,8,6,60,30,30,30,30,30,25,3,55,65,35,30,10,40,25,0,0,0,0,0,0,IsPromoted,NoRank,NoRank,NoRank,NoRank,ERank,DRank,NoRank,CRank,0x88af318,0x880ba10,0x880be61,0x880c271,0x880c479,0x880c4ba,0x880c4fb,0x0
Summoner,0x2e3,0x32e,0x31,0x2d,0x28,0x0,0x7f,0x1d,36,5,12,8,6,14,8,6,60,30,30,30,30,30,25,3,55,60,35,30,10,40,25,3,0,1,3,1,3,Summoning|IsPromoted,NoRank,NoRank,NoRank,NoRank,ERank,NoRank,NoRank,CRank,0x88af330,0x880ba10,0x880be61,0x880c271,0x880c479,0x880c4ba,0x880c4fb,0x0
Summoner (F),0x2e3,0x32e,0x32,0x2e,0x28,0x0,0x7f,0x1d,36,5,12,8,6,14,8,6,60,30,30,30,30,30,25,3,55,60,35,30,10,40,25,0,0,0,0,0,0,Summoning|IsPromoted,NoRank,NoRank,NoRank,NoRank,ERank,NoRank,NoRank,CRank,0x88af348,0x880ba10,0x880be61,0x880c271,0x880c479,0x880c4ba,0x880c4fb,0x0
Rogue,0x2db,0x326,0x33,0xd,0x29,0x0,0x94,0x9,22,11,20,20,2,0,8,6,60,30,30,30,30,30,25,3,60,10,55,40,5,25,50,2,1,1,0,2,2,IsPromoted|CanUseLockpick|Steal,ERank,NoRank,NoRank,NoRank,NoRank,NoRank,NoRank,NoRank,0x88af360,0x880b9cf,0x880be20,0x880c230,0x880c479,0x880c4ba,0x880c4fb,SwordType
Gorgon Egg,0x300,0x34c,0x34,0x0,0x2a,0x0,0xa6,0x0,60,0,0,0,12,12,6,0,60,30,30,30,30,30,25,3,120,0,0,0,0,0,0,0,0,0,0,0,0,0x0,NoRank,NoRank,NoRank,NoRank,NoRank,NoRank,NoRank,NoRank,0x0,0x0,0x0,0x0,0x880c479,0x880c4ba,0x880c4fb,MonsterType
Great Knight,0x2e0,0x32b,0x35,0x9,0x2b,0x1,0x96,0x22,36,11,8,7,13,4,13,7,60,30,30,30,30,30,25,3,85,35,25,20,25,25,25,3,2,1,2,2,1,HorseIcon|IsPromoted|MountedAid|HasCanto,ERank,DRank,DRank,NoRank,NoRank,NoRank,NoRank,NoRank,0x88af36c,0x880bad3,0x880bf24,0x880c334,0x880c479,0x880c4ba,0x880c4fb,HorseType
Great Knight (F),0x2e0,0x32b,0x36,0xa,0x2b,0x1,0x96,0x22,36,11,8,7,13,4,13,7,60,30,30,30,30,30,25,3,85,35,30,25,25,25,25,3,1,1,2,2,2,HorseIcon|IsPromoted|MountedAid|HasCanto,ERank,DRank,DRank,NoRank,NoRank,NoRank,NoRank,NoRank,0x88af38c,0x880bad3,0x880bf24,0x880c334,0x880c479,0x880c4ba,0x880c4fb,HorseType
Recruit (2),0x2da,0x332,0x37,0x3a,0x2c,0x0,0x8a,0x28,22,6,4,4,7,0,6,5,60,20,20,20,20,20,25,3,90,55,50,50,30,40,50,2,1,1,1,2,1,0x0,NoRank,DRank,NoRank,NoRank,NoRank,NoRank,NoRank,NoRank,0x88af3ac,0x880b849,0x880bc9a,0x880c0aa,0x880c479,0x880c4ba,0x880c4fb,0x0
Journeyman (3),0x2d8,0x324,0x38,0x7e,0x2d,0x0,0x74,0x27,34,10,6,7,6,0,8,5,60,30,30,30,30,30,25,3,100,65,50,40,20,25,50,4,1,2,2,2,2,CritBoost|IsPromoted,NoRank,NoRank,CRank,NoRank,NoRank,NoRank,NoRank,NoRank,0x88af3b8,0x880b8cb,0x880bd1c,0x880c12c,0x880c479,0x880c4ba,0x880c4fb,0x0
Pupil (3),0x2d9,0x325,0x39,0x7f,0x2e,0x0,0x7c,0x29,24,6,5,5,6,6,5,5,60,30,30,30,30,30,25,3,65,65,50,40,10,35,50,4,2,0,1,3,3,IsPromoted,NoRank,NoRank,NoRank,NoRank,NoRank,CRank,ERank,DRank,0x88af3d0,0x880ba10,0x880be61,0x880c271,0x880c479,0x880c4ba,0x880c4fb,0x0
Recruit (3),0x2da,0x332,0x3a,0x37,0x2c,0x0,0x8a,0x28,28,7,7,13,8,7,6,5,60,30,30,30,30,30,25,3,90,55,50,50,30,40,50,2,2,1,1,2,1,IsPromoted|CritBoost,NoRank,CRank,NoRank,NoRank,NoRank,NoRank,NoRank,NoRank,0x88af3e4,0x880b849,0x880bc9a,0x880c0aa,0x880c479,0x880c4ba,0x880c4fb,0x0
Manakete,0x2d7,0x323,0x3b,0x1f,0x2f,0x0,0xa9,0x1f,24,0,0,2,1,1,25,6,60,20,20,20,20,20,25,3,115,50,35,25,0,10,30,0,0,0,0,0,0,UseMonsterWeapons|IsPromoted,NoRank,NoRank,NoRank,NoRank,NoRank,NoRank,NoRank,NoRank,0x88af3f0,0x880bb96,0x880bfe7,0x880c3f7,0x880c53c,0x880c57d,0x880c5be,DragonType
Manakete (F),0x2d7,0x323,0x3c,0x20,0x30,0x0,0x8f,0x1f,14,0,0,2,2,2,5,6,60,20,20,20,20,20,25,2,115,50,35,25,0,10,30,0,0,0,0,0,0,UseMonsterWeapons,NoRank,NoRank,NoRank,NoRank,NoRank,NoRank,NoRank,NoRank,0x88af3fc,0x880bb96,0x880bfe7,0x880c3f7,0x880c53c,0x880c57d,0x880c5be,DragonType
Journeyman (1),0x2d8,0x324,0x3d,0x0,0x2d,0x0,0x74,0x27,17,4,0,1,1,0,8,5,60,20,20,20,20,20,25,1,100,65,50,40,20,25,50,0,0,0,0,0,0,TraineeLevelCap,NoRank,NoRank,ERank,NoRank,NoRank,NoRank,NoRank,NoRank,0x88af408,0x880b8cb,0x880bd1c,0x880c12c,0x880c479,0x880c4ba,0x880c4fb,0x0
Pupil (1),0x2d9,0x325,0x3e,0x0,0x2e,0x0,0x7c,0x29,16,1,0,1,0,4,5,5,60,20,20,20,20,20,25,1,65,65,50,40,10,35,50,0,0,0,0,0,0,TraineeLevelCap,NoRank,NoRank,NoRank,NoRank,NoRank,ERank,NoRank,NoRank,0x88af420,0x880ba10,0x880be61,0x880c271,0x880c479,0x880c4ba,0x880c4fb,0x0
Fighter,0x2dc,0x327,0x3f,0x40,0x31,0x0,0x74,0x23,28,10,7,5,4,5,11,5,60,20,20,20,20,20,25,3,100,65,40,35,15,40,20,2,2,1,0,0,1,0x0,NoRank,NoRank,DRank,NoRank,NoRank,NoRank,NoRank,NoRank,0x88af434,0x880b8cb,0x880bd1c,0x880c12c,0x880c479,0x880c4ba,0x880c4fb,0x0
Warrior,0x2dd,0x328,0x40,0x3f,0x32,0x0,0x75,0x25,34,16,11,8,5,8,13,5,60,30,30,30,30,30,25,3,95,55,30,25,15,40,20,3,1,2,0,3,3,IsPromoted,NoRank,NoRank,CRank,ERank,NoRank,NoRank,NoRank,NoRank,0x88af44c,0x880b8cb,0x880bd1c,0x880c12c,0x880c479,0x880c4ba,0x880c4fb,0x0
Brigand,0x2de,0x329,0x41,0x43,0x33,0x0,0x8b,0x0,31,11,2,7,1,0,12,5,60,20,20,20,20,20,25,3,100,60,35,25,10,15,20,2,1,1,0,1,1,0x0,NoRank,NoRank,DRank,NoRank,NoRank,NoRank,NoRank,NoRank,0x88af468,0x880b94d,0x880bd9e,0x880c1ae,0x880c479,0x880c4ba,0x880c4fb,0x0
Pirate,0x2ee,0x33a,0x42,0x43,0x34,0x0,0x8c,0x24,23,5,2,7,4,0,10,5,60,20,20,20,20,20,25,3,90,60,40,30,10,15,20,2,2,0,1,1,0,0x0,NoRank,NoRank,DRank,NoRank,NoRank,NoRank,NoRank,NoRank,0x88af480,0x880b98e,0x880bddf,0x880c1ef,0x880c479,0x880c4ba,0x880c4fb,0x0
Berserker,0x2df,0x32a,0x43,0x42,0x35,0x0,0x8d,0x26,40,17,10,17,4,5,13,5,60,30,30,30,30,30,25,3,90,60,40,30,10,15,20,4,1,1,1,2,2,IsPromoted|CritBoost,NoRank,NoRank,CRank,NoRank,NoRank,NoRank,NoRank,NoRank,0x88af498,0x880b90c,0x880bd5d,0x880c16d,0x880c479,0x880c4ba,0x880c4fb,0x0
Monk,0x2e4,0x32f,0x44,0x0,0x36,0x0,0x7a,0x17,17,1,5,8,1,6,6,5,60,20,20,20,20,20,25,3,60,35,40,40,10,50,55,0,0,0,0,0,0,0x0,NoRank,NoRank,NoRank,NoRank,NoRank,NoRank,ERank,NoRank,0x88af4b0,0x880ba10,0x880be61,0x880c271,0x880c479,0x880c4ba,0x880c4fb,0x0
Priest,0x2e6,0x330,0x45,0x27,0x37,0x0,0x7a,0x15,17,1,5,8,1,6,6,5,60,20,20,20,20,20,25,2,60,35,40,40,10,60,55,0,0,0,0,0,0,0x0,NoRank,NoRank,NoRank,NoRank,DRank,NoRank,NoRank,NoRank,0x88af4c4,0x880ba10,0x880be61,0x880c271,0x880c479,0x880c4ba,0x880c4fb,0x0
Bard,0x2e5,0x331,0x46,0x0,0x38,0x0,0x8b,0x0,17,1,2,8,1,0,6,5,60,30,30,30,30,30,25,2,55,55,35,70,0,15,85,0,0,0,0,0,0,CanPlay,NoRank,NoRank,NoRank,NoRank,NoRank,NoRank,NoRank,NoRank,0x0,0x880b849,0x880bc9a,0x880c0aa,0x880c479,0x880c4ba,0x880c4fb,0x0
Recruit (1),0x2da,0x332,0x47,0x0,0x2c,0x0,0x8a,0x28,16,4,0,1,0,1,6,5,60,20,20,20,20,20,25,1,90,55,50,50,30,40,50,0,0,0,0,0,0,TraineeLevelCap,NoRank,ERank,NoRank,NoRank,NoRank,NoRank,NoRank,NoRank,0x88af4d0,0x880b849,0x880bc9a,0x880c0aa,0x880c479,0x880c4ba,0x880c4fb,0x0
Pegasus Knight,0x2e7,0x333,0x48,0x49,0x39,0x0,0x86,0x10,24,5,10,10,2,6,5,7,60,20,20,20,20,20,25,3,80,40,50,50,15,40,40,0,0,0,0,0,0,MountedAid|HasCanto|PegIcon,NoRank,DRank,NoRank,NoRank,NoRank,NoRank,NoRank,NoRank,0x88af4dc,0x880bb96,0x880bfe7,0x880c3f7,0x880c53c,0x880c57d,0x880c5be,FlierType
Falcon Knight,0x2e8,0x334,0x49,0x48,0x3a,0x0,0x87,0x11,18,8,14,16,4,7,6,8,60,30,30,30,30,30,25,3,70,35,35,35,15,35,35,5,2,0,2,2,2,MountedAid|HasCanto|PegIcon|IsPromoted,ERank,CRank,NoRank,NoRank,NoRank,NoRank,NoRank,NoRank,0x88af4e8,0x880bb96,0x880bfe7,0x880c3f7,0x880c53c,0x880c57d,0x880c5be,FlierType
Cleric,0x2e9,0x335,0x4a,0x2c,0x3b,0x0,0x7a,0x16,17,1,5,8,1,6,6,5,60,20,20,20,20,20,25,2,60,35,40,40,10,60,55,0,0,0,0,0,0,0x0,NoRank,NoRank,NoRank,NoRank,DRank,NoRank,NoRank,NoRank,0x88af4f8,0x880ba10,0x880be61,0x880c271,0x880c479,0x880c4ba,0x880c4fb,0x0
Troubadour,0x2ea,0x336,0x4b,0x4c,0x3c,0x0,0x82,0x19,16,1,1,4,2,6,5,7,60,20,20,20,20,20,25,2,60,30,40,65,15,50,55,0,0,0,0,0,0,MountedAid|HasCanto|HorseIcon,NoRank,NoRank,NoRank,NoRank,DRank,NoRank,NoRank,NoRank,0x88af504,0x880ba92,0x880bee3,0x880c2f3,0x880c479,0x880c4ba,0x880c4fb,HorseType
Valkyrie,0x2eb,0x337,0x4c,0x4b,0x3d,0x0,0x83,0x1a,20,4,5,10,5,11,6,8,60,30,30,30,30,30,25,3,55,40,30,55,10,50,50,3,2,1,0,2,3,MountedAid|HasCanto|HorseIcon|IsPromoted,NoRank,NoRank,NoRank,NoRank,DRank,NoRank,DRank,NoRank,0x88af510,0x880bad3,0x880bf24,0x880c334,0x880c479,0x880c4ba,0x880c4fb,HorseType
Dancer,0x2ec,0x338,0x4d,0x0,0x3e,0x0,0x8b,0x2a,17,1,2,8,0,1,4,6,60,10,10,30,24,26,25,2,55,55,35,70,0,15,85,0,0,0,0,0,0,CanDance,NoRank,NoRank,NoRank,NoRank,NoRank,NoRank,NoRank,NoRank,0x88af528,0x880b849,0x880bc9a,0x880c0aa,0x880c479,0x880c4ba,0x880c4fb,0x0
Soldier,0x2ed,0x339,0x4e,0x0,0x3f,0x0,0x8a,0x0,30,10,6,4,1,0,8,5,60,20,20,20,20,20,25,2,95,60,35,25,15,20,30,0,0,0,0,0,0,0x0,NoRank,ERank,NoRank,NoRank,NoRank,NoRank,NoRank,NoRank,0x88af53c,0x880b849,0x880bc9a,0x880c0aa,0x880c479,0x880c4ba,0x880c4fb,0x0
Necromancer,0x2ef,0x33b,0x4f,0x2d,0x40,0x0,0x7f,0x2b,22,11,5,6,4,10,7,6,80,30,30,30,30,30,25,3,55,65,35,30,10,40,25,0,0,0,0,0,0,IsPromoted|Summoning,NoRank,NoRank,NoRank,NoRank,SRank,NoRank,NoRank,SRank,0x88af548,0x880ba10,0x880be61,0x880c271,0x880c479,0x880c4ba,0x880c4fb,0x0
Fleet,0x2f0,0x33c,0x50,0x0,0x41,0x0,0x92,0x0,23,1,1,2,6,0,25,2,60,20,20,20,30,20,25,3,90,40,50,40,20,20,20,0,0,0,0,0,0,0x0,NoRank,NoRank,NoRank,CRank,NoRank,NoRank,NoRank,NoRank,0x0,0x880b98e,0x880bddf,0x880c1ef,0x880c479,0x880c4ba,0x880c4fb,0x0
Phantom,0x2f1,0x33d,0x51,0x0,0x42,0x0,0x98,0x1e,1,0,0,0,0,0,0,5,1,20,20,20,0,0,25,3,0,65,40,55,20,20,60,0,0,0,0,0,0,0x0,NoRank,NoRank,CRank,NoRank,NoRank,NoRank,NoRank,NoRank,0x0,0x880bb96,0x880bfe7,0x880c3f7,0x880c53c,0x880c57d,0x880c5be,0x0
Revenant,0x2f2,0x33e,0x52,0x53,0x43,0x0,0x99,0x0,36,7,0,0,0,2,6,5,60,20,20,20,20,20,25,3,115,60,35,25,10,15,10,0,0,0,0,0,0,UseMonsterWeapons,NoRank,NoRank,NoRank,NoRank,NoRank,NoRank,NoRank,NoRank,0x88af560,0x880b849,0x880bc9a,0x880c0aa,0x880c479,0x880c4ba,0x880c4fb,MonsterType
Entombed,0x2f3,0x33f,0x53,0x52,0x44,0x0,0x9a,0x0,42,4,0,1,0,0,6,5,80,30,30,30,30,30,25,1,100,50,30,20,10,15,60,0,0,0,0,0,0,UseMonsterWeapons|IsPromoted,NoRank,NoRank,NoRank,NoRank,NoRank,NoRank,NoRank,NoRank,0x88af56c,0x880b849,0x880bc9a,0x880c0aa,0x880c479,0x880c4ba,0x880c4fb,MonsterType
Bonewalker,0x2f4,0x340,0x54,0x56,0x45,0x0,0x9b,0x0,32,11,6,7,8,0,7,5,60,20,20,20,20,20,25,3,95,60,35,25,15,20,10,0,0,0,0,0,0,SwordmasterUnlock,CRank,CRank,NoRank,NoRank,NoRank,NoRank,NoRank,NoRank,0x88af578,0x880b849,0x880bc9a,0x880c0aa,0x880c479,0x880c4ba,0x880c4fb,MonsterType
Bonewalker (Bow),0x2f4,0x340,0x55,0x57,0x46,0x0,0x9b,0x0,22,5,4,2,4,0,6,5,60,20,20,20,20,20,25,3,85,40,50,40,20,20,10,0,0,0,0,0,0,0x0,NoRank,NoRank,NoRank,CRank,NoRank,NoRank,NoRank,NoRank,0x88af588,0x880b849,0x880bc9a,0x880c0aa,0x880c479,0x880c4ba,0x880c4fb,MonsterType
Wight,0x2f5,0x341,0x56,0x54,0x47,0x0,0x9c,0x0,25,8,6,7,6,2,9,6,60,30,30,30,30,30,25,3,80,30,30,25,20,25,10,0,0,0,0,0,0,SwordmasterUnlock|IsPromoted,ARank,ARank,NoRank,NoRank,NoRank,NoRank,NoRank,NoRank,0x88af594,0x880b849,0x880bc9a,0x880c0aa,0x880c479,0x880c4ba,0x880c4fb,MonsterType
Wight (Bow),0x2f5,0x341,0x57,0x55,0x48,0x0,0x9c,0x0,25,7,7,6,6,2,8,6,60,30,30,30,30,30,25,3,80,35,35,25,20,25,10,0,0,0,0,0,0,IsPromoted,NoRank,NoRank,NoRank,ARank,NoRank,NoRank,NoRank,NoRank,0x88af5a4,0x880b849,0x880bc9a,0x880c0aa,0x880c479,0x880c4ba,0x880c4fb,MonsterType
Bael,0x2f6,0x342,0x58,0x59,0x49,0x0,0x9d,0x0,30,7,4,4,7,1,12,5,60,30,30,30,30,30,25,3,100,60,35,25,20,15,20,0,0,0,0,0,0,UseMonsterWeapons,NoRank,NoRank,NoRank,NoRank,NoRank,NoRank,NoRank,NoRank,0x88af5b0,0x880b94d,0x880bd9e,0x880c1ae,0x880c479,0x880c4ba,0x880c4fb,MonsterType
Elder Bael,0x2f7,0x343,0x59,0x58,0x4a,0x0,0x9e,0x0,43,10,6,6,11,5,15,6,80,30,30,30,30,30,25,3,100,55,30,25,25,20,10,0,0,0,0,0,0,UseMonsterWeapons|IsPromoted,NoRank,NoRank,NoRank,NoRank,NoRank,NoRank,NoRank,NoRank,0x88af5bc,0x880b94d,0x880bd9e,0x880c1ae,0x880c479,0x880c4ba,0x880c4fb,MonsterType
Cyclops,0x2f8,0x344,0x5a,0x9,0x4b,0x0,0x9f,0x0,48,10,6,7,16,0,16,6,80,30,30,30,30,30,25,3,115,35,40,30,30,30,10,0,0,0,0,0,0,IsPromoted,NoRank,NoRank,ARank,NoRank,NoRank,NoRank,NoRank,NoRank,0x88af5c8,0x880b8cb,0x880bd1c,0x880c12c,0x880c479,0x880c4ba,0x880c4fb,MonsterType
Mauthe Doog,0x2f9,0x345,0x5b,0x5c,0x4c,0x0,0xa0,0x0,26,7,14,14,5,0,6,7,60,20,20,20,20,20,25,3,85,40,55,55,20,25,35,0,0,0,0,0,0,UseMonsterWeapons,NoRank,NoRank,NoRank,NoRank,NoRank,NoRank,NoRank,NoRank,0x88af5e0,0x880bb14,0x880bf65,0x880c375,0x880c479,0x880c4ba,0x880c4fb,MonsterType
Gwyllgi,0x2fa,0x346,0x5c,0x5b,0x4d,0x0,0xa1,0x0,25,7,14,14,6,2,8,8,60,30,30,30,30,30,25,3,80,35,40,40,20,25,30,0,0,0,0,0,0,UseMonsterWeapons|IsPromoted,NoRank,NoRank,NoRank,NoRank,NoRank,NoRank,NoRank,NoRank,0x88af5ec,0x880bb55,0x880bfa6,0x880c3b6,0x880c479,0x880c4ba,0x880c4fb,MonsterType
Tarvos,0x2fb,0x347,0x5d,0x5e,0x4e,0x0,0xa2,0x0,25,7,2,6,8,0,10,7,60,20,20,20,20,20,25,3,95,40,50,35,20,20,10,0,0,0,0,0,0,0x0,NoRank,NoRank,CRank,NoRank,NoRank,NoRank,NoRank,NoRank,0x88af5f8,0x880bb14,0x880bf65,0x880c375,0x880c479,0x880c4ba,0x880c4fb,MonsterType
Maelduin,0x2fc,0x348,0x5e,0x5d,0x4f,0x0,0xa3,0x0,30,10,5,8,11,4,12,8,80,30,30,30,30,30,25,3,90,35,35,20,15,25,10,0,0,0,0,0,0,IsPromoted,NoRank,NoRank,ARank,ARank,NoRank,NoRank,NoRank,NoRank,0x88af610,0x880bb55,0x880bfa6,0x880c3b6,0x880c479,0x880c4ba,0x880c4fb,MonsterType
Mogall,0x2fd,0x349,0x5f,0x60,0x50,0x0,0xa4,0x0,24,0,1,6,2,8,4,5,60,20,20,20,20,20,25,3,60,55,40,35,10,35,35,0,0,0,0,0,0,UseMonsterWeapons,NoRank,NoRank,NoRank,NoRank,NoRank,NoRank,NoRank,CRank,0x88af62c,0x880bb96,0x880bfe7,0x880c3f7,0x880c53c,0x880c57d,0x880c5be,MonsterType
Arch Mogall,0x2fe,0x34a,0x60,0x5f,0x51,0x0,0xa5,0x0,20,7,4,4,4,8,5,6,60,30,30,30,30,30,25,3,55,65,35,30,10,35,25,0,0,0,0,0,0,UseMonsterWeapons|IsPromoted,NoRank,NoRank,NoRank,NoRank,NoRank,NoRank,NoRank,ARank,0x88af640,0x880bb96,0x880bfe7,0x880c3f7,0x880c53c,0x880c57d,0x880c5be,MonsterType
Gorgon,0x2ff,0x34b,0x61,0x5f,0x52,0x0,0xa6,0x0,23,10,4,5,6,8,11,6,60,30,30,30,30,30,25,3,55,70,35,30,10,50,35,0,0,0,0,0,0,UseMonsterWeapons|IsPromoted,NoRank,NoRank,NoRank,NoRank,NoRank,NoRank,NoRank,ARank,0x88af654,0x880ba10,0x880be61,0x880c271,0x880c479,0x880c4ba,0x880c4fb,MonsterType
Gorgon Egg,0x300,0x34c,0x62,0x0,0x53,0x0,0xa6,0x0,60,0,0,0,12,12,6,0,60,30,30,30,30,30,25,3,120,0,0,0,0,0,0,0,0,0,0,0,0,0x0,NoRank,NoRank,NoRank,NoRank,NoRank,NoRank,NoRank,NoRank,0x0,0x0,0x0,0x0,0x880c479,0x880c4ba,0x880c4fb,MonsterType
Gargoyle,0x301,0x34d,0x63,0x64,0x54,0x0,0xa7,0x0,23,7,4,7,7,0,8,7,60,20,20,20,20,20,25,3,95,55,40,40,30,20,10,0,0,0,0,0,0,0x0,NoRank,CRank,NoRank,NoRank,NoRank,NoRank,NoRank,NoRank,0x88af668,0x880bb96,0x880bfe7,0x880c3f7,0x880c53c,0x880c57d,0x880c5be,MonsterType
Deathgoyle,0x302,0x34e,0x64,0x63,0x55,0x0,0xa8,0x0,28,10,6,10,11,1,11,8,60,30,30,30,30,30,25,3,90,50,35,30,25,20,10,0,0,0,0,0,0,IsPromoted,NoRank,ARank,NoRank,NoRank,NoRank,NoRank,NoRank,NoRank,0x88af674,0x880bb96,0x880bfe7,0x880c3f7,0x880c53c,0x880c57d,0x880c5be,MonsterType
Dracozombie,0x303,0x34f,0x65,0x1f,0x56,0x0,0xa9,0x0,64,1,0,1,0,4,25,5,100,30,30,30,30,30,25,3,100,40,25,25,35,10,30,0,0,0,0,0,0,UseMonsterWeapons|IsPromoted,NoRank,NoRank,NoRank,NoRank,NoRank,NoRank,NoRank,NoRank,0x88af680,0x880bb96,0x880bfe7,0x880c3f7,0x880c53c,0x880c57d,0x880c5be,MonsterType
Demon King,0x304,0x350,0x66,0x1f,0x57,0x0,0xaa,0x0,144,28,24,22,30,30,25,5,120,30,30,30,30,30,25,5,115,50,35,25,25,25,30,0,0,0,0,0,0,UseMonsterWeapons|IsPromoted,NoRank,NoRank,NoRank,NoRank,NoRank,NoRank,NoRank,NoRank,0x88af68c,0x880bbd7,0x880bbd7,0x880bbd7,0x880c479,0x880c4ba,0x880c4fb,MonsterType
Archer on Ballista,0x0,0x0,0x67,0x0,0x58,0x0,0x0,0x0,0,0,0,0,0,0,0,5,0,0,0,0,0,0,25,3,0,0,0,0,0,10,0,0,0,0,0,0,0,0x0,NoRank,NoRank,NoRank,NoRank,NoRank,NoRank,NoRank,NoRank,0x0,0x0,0x0,0x0,0x880c479,0x880c4ba,0x880c4fb,0x0
Archer on Iron Ballista,0x0,0x0,0x68,0x0,0x59,0x0,0x0,0x0,0,0,0,0,0,0,0,5,0,0,0,0,0,0,25,0,0,0,0,0,0,0,0,0,0,0,0,0,0,0x0,NoRank,NoRank,NoRank,NoRank,NoRank,NoRank,NoRank,NoRank,0x0,0x0,0x0,0x0,0x880c479,0x880c4ba,0x880c4fb,0x0
Archer on Killer Ballista,0x0,0x0,0x69,0x0,0x5a,0x0,0x0,0x0,0,0,0,0,0,0,0,5,0,0,0,0,0,0,25,0,0,0,0,0,0,0,0,0,0,0,0,0,0,0x0,NoRank,NoRank,NoRank,NoRank,NoRank,NoRank,NoRank,NoRank,0x0,0x0,0x0,0x0,0x880c479,0x880c4ba,0x880c4fb,0x0
Ballista,0x0,0x0,0x6a,0x0,0x5b,0x0,0x0,0x0,0,0,0,0,0,0,0,5,0,0,0,0,0,0,25,0,0,0,0,0,0,0,0,0,0,0,0,0,0,0x0,NoRank,NoRank,NoRank,NoRank,NoRank,NoRank,NoRank,NoRank,0x0,0x0,0x0,0x0,0x880c479,0x880c4ba,0x880c4fb,0x0
Iron Ballista,0x0,0x0,0x6b,0x0,0x5c,0x0,0x0,0x0,0,0,0,0,0,0,0,5,0,0,0,0,0,0,25,0,0,0,0,0,0,0,0,0,0,0,0,0,0,0x0,NoRank,NoRank,NoRank,NoRank,NoRank,NoRank,NoRank,NoRank,0x0,0x0,0x0,0x0,0x880c479,0x880c4ba,0x880c4fb,0x0
Killer Ballista,0x0,0x0,0x6c,0x0,0x5d,0x0,0x0,0x0,0,0,0,0,0,0,0,5,0,0,0,0,0,0,25,0,0,0,0,0,0,0,0,0,0,0,0,0,0,0x0,NoRank,NoRank,NoRank,NoRank,NoRank,NoRank,NoRank,NoRank,0x0,0x0,0x0,0x0,0x880c479,0x880c4ba,0x880c4fb,0x0
Civilian,0x305,0x351,0x6d,0x0,0x5e,0x1,0x5e,0x0,10,1,0,0,0,0,4,5,60,20,20,20,20,20,25,1,10,0,0,0,0,10,0,0,0,0,0,0,0,0x0,NoRank,NoRank,NoRank,NoRank,NoRank,NoRank,NoRank,NoRank,0x0,0x880ba51,0x880bea2,0x880c2b2,0x880c479,0x880c4ba,0x880c4fb,0x0
Civilian (F),0x305,0x351,0x6e,0x0,0x5f,0x1,0x63,0x0,8,0,0,0,0,1,3,5,60,20,20,20,20,20,25,1,10,0,0,0,0,10,0,0,0,0,0,0,0,0x0,NoRank,NoRank,NoRank,NoRank,NoRank,NoRank,NoRank,NoRank,0x0,0x880ba51,0x880bea2,0x880c2b2,0x880c479,0x880c4ba,0x880c4fb,0x0
Civilian,0x305,0x351,0x6f,0x0,0x60,0x1,0x59,0x0,12,0,1,0,0,2,6,5,60,20,20,20,20,20,25,1,10,0,0,0,0,10,0,0,0,0,0,0,0,0x0,NoRank,NoRank,NoRank,NoRank,NoRank,NoRank,NoRank,NoRank,0x0,0x880ba51,0x880bea2,0x880c2b2,0x880c479,0x880c4ba,0x880c4fb,0x0
Civilian (F),0x305,0x351,0x70,0x0,0x61,0x1,0x62,0x0,11,0,1,0,0,1,4,5,60,20,20,20,20,20,25,1,10,0,0,0,0,10,0,0,0,0,0,0,0,0x0,NoRank,NoRank,NoRank,NoRank,NoRank,NoRank,NoRank,NoRank,0x0,0x880ba51,0x880bea2,0x880c2b2,0x880c479,0x880c4ba,0x880c4fb,0x0
Civilian,0x305,0x351,0x71,0x0,0x60,0x1,0x5c,0x0,14,4,0,0,2,0,7,5,60,20,20,20,20,20,25,1,10,0,0,0,0,10,0,0,0,0,0,0,0,0x0,NoRank,NoRank,NoRank,NoRank,NoRank,NoRank,NoRank,NoRank,0x0,0x880ba51,0x880bea2,0x880c2b2,0x880c479,0x880c4ba,0x880c4fb,0x0
Civilian (F),0x305,0x351,0x72,0x0,0x61,0x1,0x61,0x0,12,0,1,0,1,1,5,5,60,20,20,20,20,20,25,1,10,0,0,0,0,10,0,0,0,0,0,0,0,0x0,NoRank,NoRank,NoRank,NoRank,NoRank,NoRank,NoRank,NoRank,0x0,0x880ba51,0x880bea2,0x880c2b2,0x880c479,0x880c4ba,0x880c4fb,0x0
Peer,PeerClassName,PeerClassDesc,0x73,0x0,0x62,0x1,0x1,0x0,12,0,0,0,0,0,8,5,60,20,20,20,20,20,25,1,10,0,0,0,0,10,0,0,0,0,0,0,0,0x0,NoRank,NoRank,NoRank,NoRank,NoRank,NoRank,NoRank,NoRank,0x0,0x880ba51,0x880bea2,0x880c2b2,0x880c479,0x880c4ba,0x880c4fb,0x0
Queen,0x307,0x353,0x74,0x0,0x63,0x1,0x1,0x0,12,0,0,0,0,0,5,5,60,20,20,20,20,20,25,1,10,0,0,0,0,10,0,0,0,0,0,0,0,0x0,NoRank,NoRank,NoRank,NoRank,NoRank,NoRank,NoRank,NoRank,0x0,0x880ba51,0x880bea2,0x880c2b2,0x880c479,0x880c4ba,0x880c4fb,0x0
Prince,0x0,0x0,0x75,0x0,0x64,0x1,0x1,0x0,12,0,0,0,0,0,7,5,60,20,20,20,20,20,25,1,10,0,0,0,0,10,0,0,0,0,0,0,0,0x0,NoRank,NoRank,NoRank,NoRank,NoRank,NoRank,NoRank,NoRank,0x0,0x880ba51,0x880bea2,0x880c2b2,0x880c479,0x880c4ba,0x880c4fb,0x0
Noble,NobleClassName,NobleClassDesc,Noble,0x0,0x63,0x0,0x8b,0x1,19,5,10,10,4,1,7,5,60,20,20,20,20,20,25,3,110,55,50,55,20,20,50,0,0,0,0,0,0,UnlockEirika|IsLord,DRank,NoRank,NoRank,NoRank,NoRank,NoRank,NoRank,NoRank,NobleAnim,0x880b808,0x880bc59,0x880c069,0x880c479,0x880c4ba,0x880c4fb,0x0
Sigil,SigilClassName,SigilClassDesc,SigilClass,0x2f,0x73,0x1,SigilCard,0x1b,1,0,0,0,0,0,25,5,1,20,20,20,20,20,25,3,0,0,0,0,0,0,0,0,0,0,0,0,0,0x0,NoRank,NoRank,NoRank,NoRank,NoRank,NoRank,NoRank,NoRank,0x0,0x880bb96,0x880bfe7,0x880c3f7,0x880c53c,0x880c57d,0x880c5be,0x0
Fallen Prince,0x0,0x0,0x78,0x0,0x67,0x1,0x1,0x0,12,0,0,0,0,0,25,5,60,20,20,20,20,20,25,1,10,0,0,0,0,10,0,0,0,0,0,0,0,0x0,NoRank,NoRank,NoRank,NoRank,NoRank,NoRank,NoRank,NoRank,0x0,0x880ba51,0x880bea2,0x880c2b2,0x880c479,0x880c4ba,0x880c4fb,0x0
Tent,0x0,0x0,0x79,0x0,0x68,0x1,0x1,0x0,18,0,4,4,4,0,25,0,60,20,20,20,20,20,25,1,10,0,0,0,0,10,0,0,0,0,0,0,0,CannotControl|IsSupply,NoRank,NoRank,NoRank,NoRank,NoRank,NoRank,NoRank,NoRank,0x0,0x880ba51,0x880bea2,0x880c2b2,0x880c479,0x880c4ba,0x880c4fb,0x0
Pontifex,0x306,0x352,0x7a,0x0,0x69,0x1,0x1,0x0,12,0,0,0,0,0,8,5,60,20,20,20,20,20,25,1,10,0,0,0,0,10,0,0,0,0,0,0,0,0x0,NoRank,NoRank,NoRank,NoRank,NoRank,NoRank,NoRank,NoRank,0x0,0x880ba51,0x880bea2,0x880c2b2,0x880c479,0x880c4ba,0x880c4fb,0x0
Dead Peer,0x0,0x0,0x7b,0x0,0x6a,0x1,0x1,0x0,12,0,0,0,0,0,25,0,60,20,20,20,20,20,25,1,10,0,0,0,0,10,0,0,0,0,0,0,0,0x0,NoRank,NoRank,NoRank,NoRank,NoRank,NoRank,NoRank,NoRank,0x0,0x880ba51,0x880bea2,0x880c2b2,0x880c479,0x880c4ba,0x880c4fb,0x0
Cyclops,0x2f8,0x344,0x7c,0x9,0x4b,0x0,0x9f,0x0,48,10,6,7,16,0,16,6,80,30,30,30,30,30,25,3,115,35,40,30,30,30,10,0,0,0,0,0,0,IsPromoted,NoRank,NoRank,SRank,NoRank,NoRank,NoRank,NoRank,NoRank,0x88af6a4,0x880b8cb,0x880bd1c,0x880c12c,0x880c479,0x880c4ba,0x880c4fb,MonsterType
Elder Bael,0x2f7,0x343,0x7d,0x58,0x4a,0x0,0x9e,0x0,43,10,6,6,11,5,15,6,80,30,30,30,30,30,25,3,100,55,30,25,25,20,10,0,0,0,0,0,0,UseMonsterWeapons|IsPromoted,NoRank,NoRank,NoRank,NoRank,NoRank,NoRank,NoRank,NoRank,0x88af6bc,0x880b94d,0x880bd9e,0x880c1ae,0x880c479,0x880c4ba,0x880c4fb,MonsterType
Journeyman (2),0x2d8,0x324,0x7e,0x38,0x2d,0x0,0x74,0x27,24,6,4,5,2,1,8,5,60,20,20,20,20,20,25,3,100,65,50,40,20,25,50,2,0,2,0,2,2,0x0,NoRank,NoRank,DRank,NoRank,NoRank,NoRank,NoRank,NoRank,0x88af6c8,0x880b8cb,0x880bd1c,0x880c12c,0x880c479,0x880c4ba,0x880c4fb,0x0
Noble,NobleClassName,NobleClassDesc,0x7f,0x0,0x76,0x0,0x8b,0x1,19,5,10,10,4,1,7,5,60,20,20,20,20,20,25,3,110,55,50,55,20,20,50,0,0,0,0,0,0,UnlockEphraim|IsLord,ERank,NoRank,NoRank,NoRank,NoRank,NoRank,NoRank,NoRank,NobleAnim,0x880b808,0x880bc59,0x880c069,0x880c479,0x880c4ba,0x880c4fb,0x0
Sky-Rat,0x2e7,0x333,0x80,0x49,0x72,0x0,0x86,0x10,24,5,10,10,2,6,5,7,60,20,20,20,20,20,25,3,80,40,50,50,15,40,40,0,0,0,0,0,0,MountedAid|HasCanto|PegIcon,NoRank,DRank,NoRank,NoRank,NoRank,NoRank,NoRank,NoRank,0x88af4dc,0x880bb96,0x880bfe7,0x880c3f7,0x880c53c,0x880c57d,0x880c5be,FlierType
None,0x0,0x0,0x0,0x0,0x0,0x0,0x0,0x0,0,0,0,0,0,0,0,0,0,0,0,0,0,0,25,0,0,0,0,0,0,45,0,37,0,0,65,0,0,0x1000002,NoRank,NoRank,NoRank,NoRank,NoRank,NoRank,NoRank,NoRank,0x1f,0x0,0x231e143c,0x190f0f,0x0,0x0,0x0,0x0
